"a_fecha","playerRanking","code","name","age","imageUrl","team_code","team_tvCodes","team_name","team_imageUrl","gamesPlayed","gamesStarted","minutesPlayed","pointsScored","twoPointersMade","twoPointersAttempted","twoPointersPercentage","threePointersMade","threePointersAttempted","threePointersPercentage","freeThrowsMade","freeThrowsAttempted","freeThrowsPercentage","offensiveRebounds","defensiveRebounds","totalRebounds","assists","steals","turnovers","blocks","blocksAgainst","foulsCommited","foulsDrawn","pir"
"23-01-2026 04:46:05",1,"013260","JONES, DEVANTE",27,"https://media-cdn.cortextech.io/73a6da90-93bb-438e-b0e8-6db8cfa650c9.png","TRN","TRE","Dolomiti Energia Trento","https://media-cdn.incrowdsports.com/00c5cc07-732c-43c3-9d6e-5440594a25f8.png",14,13,27.7547619047619,18.4,4.6,7.6,"60.4%",1.3,3.6,"35.3%",5.4,6.1,"88.4%",0.7,3,3.7,4.4,1,1.4,0,0.2,2.6,6.4,23.6
"23-01-2026 04:46:05",2,"004554","ZIZIC, ANTE",28,"https://media-cdn.cortextech.io/a78d6cc1-d87a-43f6-a5d8-2dac9c1a9444.png","BES","BJK","Besiktas Istanbul","https://media-cdn.cortextech.io/7d37b2d0-2a4a-4a86-bf2c-266bd8da7cac.png",15,15,23.45,13.2,4.8,6.9,"69.9%",0,0,"0%",3.6,4.7,"76.1%",2.7,4.8,7.5,1.2,0.5,1.4,0.7,0.1,1.5,5.7,22.5
"23-01-2026 04:46:05",3,"011970","HARPER, JARED",28,"https://media-cdn.cortextech.io/9556b515-a1de-44cb-8995-98a907f07051.png","JER","JLM","Hapoel Jerusalem Basketball Club","https://media-cdn.incrowdsports.com/8058e0c5-3042-45e1-9423-f93f33c54576.png",15,15,27.5188888888889,17.9,2.7,5.9,"45.5%",1.8,4.5,"39.7%",7.1,8.3,"85.6%",0.2,2.3,2.5,5.3,1.3,2.1,0.1,0.5,1.3,6.1,21.9
"23-01-2026 04:46:05",4,"013943","RUSSELL, DARON",27,"https://media-cdn.cortextech.io/16c13feb-6041-4ba1-8d77-bd4b2467ab9d.png","CLU","UBT","U-BT Cluj-Napoca","https://media-cdn.incrowdsports.com/ae3e2844-0615-41bb-a788-a4f0d54b8d5e.png",14,11,27.5380952380952,20.7,3.9,7.6,"50.5%",2.6,7.6,"33.6%",5.3,7,"75.5%",0.6,3.1,3.7,6.5,1.2,2.7,0.1,0.9,2.6,6.2,21.6
"23-01-2026 04:46:05",5,"013927","CREEK, MITCHELL",33,"https://media-cdn.cortextech.io/1ad95f51-74e6-49cc-a323-1bb3ff3e002d.png","CLU","UBT","U-BT Cluj-Napoca","https://media-cdn.incrowdsports.com/ae3e2844-0615-41bb-a788-a4f0d54b8d5e.png",14,14,29.8595238095238,18.4,5.6,8,"70.5%",1.1,2.5,"45.7%",3.6,4.8,"76.1%",1.6,2.3,3.9,1.9,0.6,1.9,0.2,0.1,2.4,5.1,20.9
"23-01-2026 04:46:05",6,"009896","MILETIC, DUSAN",27,"https://media-cdn.cortextech.io/6e7b25a3-f096-4e25-8f5b-48f00b42c9f4.png","CLU","UBT","U-BT Cluj-Napoca","https://media-cdn.incrowdsports.com/ae3e2844-0615-41bb-a788-a4f0d54b8d5e.png",15,11,21.9166666666667,12.9,4.9,7.3,"67.9%",0.3,0.7,"36.4%",2.3,3.3,"69.4%",2.2,5.9,8.1,2.5,1.2,1.7,1.1,0.6,2.9,3.1,19.9
"23-01-2026 04:46:05",7,"013368","YEBO, KEVIN",29,"https://media-cdn.cortextech.io/ee769dbe-dd9f-46e3-a2e1-11d2c6e4d339.png","NIN","NIN","NINERS Chemnitz","https://media-cdn.cortextech.io/75ae96be-69f9-4e48-b5bd-b1056842db57.png",14,9,28.2702380952381,18.3,4.1,7.2,"56.4%",1.6,5.1,"30.6%",5.4,7.2,"75.2%",1.5,5.1,6.6,2.4,0.6,3.1,0.1,0.8,3.4,7.6,19.9
"23-01-2026 04:46:05",8,"006326","VELICKA, ARNAS",26,"https://media-cdn.cortextech.io/fdf1b354-6612-46b9-95dc-6a95843e0df0.png","KLA","NEP","Neptunas Klaipeda","https://media-cdn.cortextech.io/ed0df5cd-c9e4-4387-bcd4-3606270cd255.png",14,14,30.4797619047619,14.5,2.4,4.6,"53.1%",1.9,6,"31%",4.1,5.9,"68.7%",0.9,2.7,3.6,7.4,1.9,3.6,0.1,0.4,1.8,5.7,19.2
"23-01-2026 04:46:05",9,"011579","PERRIN, ZACHARIE",21,"https://media-cdn.cortextech.io/9e1255f8-4b04-49c1-8565-e1bd65d3416b.png","HAM","HAM","Hamburg Towers","https://media-cdn.incrowdsports.com/5ef8be01-ad71-42c2-aa02-d5c7a9495258.png",15,13,24.2666666666667,13.5,5.3,8.3,"63.2%",0.1,0.1,"100%",2.7,4.9,"55.4%",2.9,5.6,8.5,1.1,0.4,1.5,0.5,0.2,2.1,4,18.7
"23-01-2026 04:46:05",10,"006477","RUBIT, AUGUSTINE",36,"https://media-cdn.cortextech.io/b8b4bd90-54ee-4931-8318-01b83d72a58f.png","LKB","LIE","Lietkabelis Panevezys ","https://media-cdn.cortextech.io/ffcb6e37-31f4-48f6-91c2-a8c9a6f791a9.png",8,8,24.1958333333333,15.1,4.2,8,"53.1%",0.4,0.8,"50%",5.5,6.5,"84.6%",1.8,3,4.8,1.5,1,0.9,0,0.2,2.6,5.1,18.6
"23-01-2026 04:46:05",11,"012621","JONES, BRYCE",31,"https://media-cdn.cortextech.io/0d8cb74c-328b-48d7-8801-f5691c4b40a9.png","ARI","ARI","Aris Thessaloniki","https://media-cdn.cortextech.io/28be84d9-ad7e-43b3-8d8c-822bb76b8a9e.png",15,13,24.8044444444444,17.4,4.5,9.3,"47.9%",0.7,2.2,"30.3%",6.5,7.1,"90.7%",0.7,2.5,3.2,4.9,1.1,3,0.2,0.7,3.5,6,18.5
"23-01-2026 04:46:05",12,"003703","NIKOLIC, ALEKSEJ",30,"https://media-cdn.cortextech.io/f5a6caf4-351c-42e7-8cdd-d87f436778db.png","LJU","COL","KK Cedevita Olimpija","https://media-cdn.incrowdsports.com/73b33d13-570e-4e49-a9cb-fe806831eaa7.png",15,2,24.0966666666667,16.8,2.1,4.5,"47.1%",2.2,6.1,"35.9%",5.9,6.4,"92.7%",0.5,1.6,2.1,3.5,0.8,1.5,0,0.2,2,5.7,18.3
"23-01-2026 04:46:05",13,"013908","FLYNN, MALACHI",27,"https://media-cdn.cortextech.io/060edd55-3e00-452a-b13e-ac2d0c506807.png","BAH","BKS","Bahcesehir Koleji Istanbul","https://media-cdn.incrowdsports.com/1d3274d8-da86-4d21-9e97-6810ab88babe.png",15,15,30.0911111111111,17.7,3.9,6.9,"56.3%",2.3,6.8,"34.3%",3,3.7,"80.4%",0.9,2.8,3.7,3.7,1.7,2.6,0.2,0.2,2,3.9,17.9
"23-01-2026 04:46:05",14,"013278","WILEY, AUSTIN",26,"https://media-cdn.cortextech.io/aeb8cb54-ca92-4b6b-b827-9c217bf9bb47.png","JER","JLM","Hapoel Jerusalem Basketball Club","https://media-cdn.incrowdsports.com/8058e0c5-3042-45e1-9423-f93f33c54576.png",13,12,18.7628205128205,10.1,3.8,5.2,"73.5%",0,0.1,"0%",2.4,3.2,"73.8%",3.1,5.9,9,0.2,0.4,1.1,1.5,0.1,2.6,2.7,17.8
"23-01-2026 04:46:05",15,"013855","GIBSON, UMOJA",27,"https://media-cdn.cortextech.io/be7ac987-733b-4c31-b7d0-a679cc9bf90e.png","LJU","COL","KK Cedevita Olimpija","https://media-cdn.incrowdsports.com/73b33d13-570e-4e49-a9cb-fe806831eaa7.png",15,13,25.0455555555556,16.1,2.9,5.9,"48.3%",1.9,4.9,"38.4%",4.8,5.5,"87.8%",0.6,1.6,2.2,4.7,1.5,2.7,0.1,0.5,2.5,5.3,17.5
"23-01-2026 04:46:05",16,"005553","LOMAZS, RIHARDS",29,"https://media-cdn.cortextech.io/e98f6f8d-c056-4d0a-b24c-b932dcf275fd.png","KLA","NEP","Neptunas Klaipeda","https://media-cdn.cortextech.io/ed0df5cd-c9e4-4387-bcd4-3606270cd255.png",14,13,29.647619047619,17.6,3.8,8,"47.3%",1.7,4.7,"36.4%",4.9,5.8,"85.2%",0.5,2.6,3.1,4.2,1.2,2.4,0,0.6,3.3,4.6,16.4
"23-01-2026 04:46:05",17,"011924","ALLMAN, KYLE",28,"https://media-cdn.cortextech.io/583dedf2-2233-4942-9e4b-36c8e895c382.png","TTK","TTA","Turk Telekom Ankara","https://media-cdn.incrowdsports.com/4ba35608-54ca-4800-a59c-f2571e6f8e13.png",10,2,21.4816666666667,13.6,2.1,5.1,"41.2%",1.2,2.3,"52.2%",5.8,7.6,"76.3%",0.3,1.7,2,3.4,0.4,2,0.3,0.3,1.3,6.1,16.3
"23-01-2026 04:46:05",18,"011973","ALEXANDER, KYLE",29,"https://media-cdn.incrowdsports.com/6240f898-2a12-4ae8-b1f4-e546c2c9e90c.png","TTK","TTA","Turk Telekom Ankara","https://media-cdn.incrowdsports.com/4ba35608-54ca-4800-a59c-f2571e6f8e13.png",13,9,22.4679487179487,10.4,3.7,5.2,"71.6%",0.1,0.5,"16.7%",2.8,3.6,"76.6%",1.8,4.2,6,1.1,0.5,1.2,0.8,0.2,2.2,3.4,16
"23-01-2026 04:46:05",19,"014159","FLOWERS, MICHAEL",26,"https://media-cdn.cortextech.io/431d5761-db01-43c7-ba9b-4e38086eff74.png","LKB","LIE","Lietkabelis Panevezys ","https://media-cdn.cortextech.io/ffcb6e37-31f4-48f6-91c2-a8c9a6f791a9.png",11,6,27.4363636363636,14.4,2.4,4.6,"51%",1.8,4.8,"37.7%",4.2,4.8,"86.8%",0.2,2,2.2,3.5,1.3,2.5,0.2,0.4,1.4,4.5,15.7
"23-01-2026 04:46:05",20,"014111","MCGUSTY, KAMERON",28,"https://media-cdn.cortextech.io/b6c102fc-acc9-4fdf-91c1-b9eb74156cbb.png","LLI","LDN","London Lions","https://media-cdn.cortextech.io/102de468-9e41-4b8e-b44d-23bebb9e916f.png",10,10,29.4716666666667,15,4.6,8.3,"55.4%",1.1,3.2,"34.4%",2.5,3.4,"73.5%",0.6,2.7,3.3,3.6,1.4,1.9,0,0.4,2.2,3.6,15.7
"23-01-2026 04:46:05",21,"011988","HORTON, CHRIS",31,"https://media-cdn.cortextech.io/77a7d13f-365f-4441-885d-f48d3b45e148.png","VNC","URV","Umana Reyer Venice","https://media-cdn.incrowdsports.com/104f5074-9f23-47da-a21f-f2078db8244c.png",15,14,22.5011111111111,8.8,3.3,5.7,"58.8%",0,0,"0%",2.1,4.1,"51.6%",2.3,5.1,7.4,1.7,1.3,1.3,0.9,0.4,1.7,3.3,15.7
"23-01-2026 04:46:05",22,"006977","DORDEVIC, STEFAN",27,"https://media-cdn.cortextech.io/feccfb9c-c422-40bd-acd6-0520fd4fa996.png","WRO","WKS","WKS Slask Wroclaw","https://media-cdn.incrowdsports.com/0415061b-5374-4a0d-bc04-8fcbc8ad0bb3.png",11,8,21.0030303030303,12.2,5.5,9.5,"57.7%",0,0.1,"0%",1.3,2.1,"60.9%",3.2,3.8,7,0.9,1.1,1.4,1.1,0.5,1.5,1.5,15.5
"23-01-2026 04:46:05",23,"005637","TANASKOVIC, NIKOLA",28,"https://media-cdn.cortextech.io/1cd19615-a232-496a-bb56-c71fcb881178.png","BUD","BUD","KK Buducnost","https://media-cdn.incrowdsports.com/47161285-94b3-4266-9d23-b722e8600945.png",15,14,23.3133333333333,12.9,4.1,6.7,"62%",0.5,0.9,"50%",3.2,5.3,"60%",2.1,3.2,5.3,1.1,0.7,1.2,0.3,0.4,2.1,3.8,15.4
"23-01-2026 04:46:05",24,"011281","FERRELL, YOGI",32,"https://media-cdn.cortextech.io/0d62bbb5-3595-4fad-9d8a-6f29380823a1.png","BUD","BUD","KK Buducnost","https://media-cdn.incrowdsports.com/47161285-94b3-4266-9d23-b722e8600945.png",14,13,23.7809523809524,12.1,1.7,3.4,"51.1%",1.8,3.7,"48.1%",3.3,3.7,"88.5%",0.2,2.8,3,3.8,1.1,1.6,0.1,0.3,2.1,3.4,15.4
"23-01-2026 04:46:05",25,"006068","NOUA, AMINE",28,"https://media-cdn.incrowdsports.com/8e06b767-0829-4e1a-aa77-000a04e29a22.png","ARI","ARI","Aris Thessaloniki","https://media-cdn.cortextech.io/28be84d9-ad7e-43b3-8d8c-822bb76b8a9e.png",9,9,26.9814814814815,14.7,2.4,5.7,"43.1%",2,5.2,"38.3%",3.8,4.8,"79.1%",2.1,4.1,6.2,0.4,0.9,1.4,0.2,0.3,2.1,4.1,15.2
"23-01-2026 04:46:05",26,"010062","UBAL, AGUSTIN",22,"https://media-cdn.cortextech.io/896e20d3-1014-4260-a8fa-1c5aa2d59b18.png","MAN","MAN","BAXI Manresa","https://media-cdn.cortextech.io/a28053c7-ada4-47de-ae4c-888c1b3996b6.png",14,4,19.5321428571429,11.1,3.1,4.4,"69.4%",0.6,1.9,"29.6%",3.2,3.6,"90%",0.8,2.9,3.6,1.6,0.8,1.1,0.4,0.4,1.4,3.6,15.1
"23-01-2026 04:46:05",27,"013900","GACH, BOTH",26,"https://media-cdn.cortextech.io/39d31483-be50-4741-afe4-d0ab3bfb2967.png","BOU","JLB","JL Bourg","https://media-cdn.incrowdsports.com/d4225e1b-7c1b-4382-98d4-ca8511c64441.png",15,15,26.7,13.5,2.5,4.3,"58.5%",1.8,4.1,"43.5%",3.1,4,"76.7%",0.4,3.2,3.6,1.6,0.7,1.4,0.1,0,1.6,3.7,15.1
"23-01-2026 04:46:05",28,"014172","DANIELS IV, DEVON",27,"https://media-cdn.cortextech.io/48d26f70-ea00-4f3b-bb35-738d4e9b8060.png","HAM","HAM","Hamburg Towers","https://media-cdn.incrowdsports.com/5ef8be01-ad71-42c2-aa02-d5c7a9495258.png",8,7,27.0104166666667,16.2,6,10.2,"58.5%",0.5,2.2,"22.2%",2.8,3.6,"75.9%",0.6,1.9,2.5,3,0.4,2.2,0.2,0.4,1.5,3.5,14.9
"23-01-2026 04:46:05",29,"012604","WILLIAMS, TREVION",25,"https://media-cdn.cortextech.io/d7e5006a-fc34-42fb-a7c3-44db1e52fd05.png","BAH","BKS","Bahcesehir Koleji Istanbul","https://media-cdn.incrowdsports.com/1d3274d8-da86-4d21-9e97-6810ab88babe.png",15,15,22.5244444444444,11.5,4.7,8.1,"58.2%",0,0.6,"0%",2,3.1,"63.8%",3.1,5.1,8.3,2.2,1.1,2.1,0.3,0.5,3.4,2.7,14.9
"23-01-2026 04:46:05",30,"012700","STEWART, DJ",26,"https://media-cdn.cortextech.io/dd9bcf27-807d-4de7-8797-5b659b95eb0a.png","LJU","COL","KK Cedevita Olimpija","https://media-cdn.incrowdsports.com/73b33d13-570e-4e49-a9cb-fe806831eaa7.png",14,14,26.1202380952381,14.3,4.5,7.9,"57.3%",1,2.6,"37.8%",2.3,3.1,"74.4%",0.9,2.8,3.6,1.4,1.4,0.9,0.4,0.2,2.2,2.9,14.9
"23-01-2026 04:46:05",31,"013968","LEDLUM, CHRISTOPHER",24,"https://media-cdn.cortextech.io/baa3c7c1-1a44-47cb-9bf1-ea0d9eae5fba.png","ULM","ULM","ratiopharm ulm","https://media-cdn.cortextech.io/5750bc8b-dd63-48e4-8586-10d4e5e2b4e2.png",11,10,27.3378787878788,16.2,5.3,9.5,"55.2%",0.9,3.7,"24.4%",2.9,5,"58.2%",1.3,3.4,4.6,2.9,0.8,2.6,0.8,0.7,2.9,4.9,14.8
"23-01-2026 04:46:05",32,"013920","KIRKWOOD, NOAH",26,"https://media-cdn.cortextech.io/3f405e82-c885-4461-a85f-0bcca165cfb4.png","WRO","WKS","WKS Slask Wroclaw","https://media-cdn.incrowdsports.com/0415061b-5374-4a0d-bc04-8fcbc8ad0bb3.png",14,11,26.152380952381,13.4,3.6,6.4,"56.2%",1.4,3.6,"37.3%",2.1,3.1,"69.8%",0.7,3.5,4.2,4.5,0.7,3.1,0.1,0.4,2.8,4.2,14.8
"23-01-2026 04:46:05",33,"012698","MOKOKA, ADAM",27,"https://media-cdn.cortextech.io/22cefa56-3c5f-48f5-bd5d-005dd5cf2866.png","BOU","JLB","JL Bourg","https://media-cdn.incrowdsports.com/d4225e1b-7c1b-4382-98d4-ca8511c64441.png",14,14,26.2488095238095,11.2,2.4,4.5,"54%",0.9,3.5,"26.5%",3.6,4.8,"74.6%",1.6,2.9,4.5,2.6,1.3,1.4,0.4,0.1,2.3,4.2,14.6
"23-01-2026 04:46:05",34,"005860","TAROLIS, DONATAS",31,"https://media-cdn.cortextech.io/2e23b5ba-8038-4b3d-bffd-9896ae5083b8.png","KLA","NEP","Neptunas Klaipeda","https://media-cdn.cortextech.io/ed0df5cd-c9e4-4387-bcd4-3606270cd255.png",13,12,23.3025641025641,13.2,4.1,6.5,"63.1%",0.9,2.4,"38.7%",2.2,2.8,"80.6%",1.5,2.7,4.2,1.9,0.5,1.6,0.4,0.5,1.7,2.6,14.5
"23-01-2026 04:46:05",35,"011940","WINSTON, CASSIUS",27,"https://media-cdn.cortextech.io/5557d8ff-48d9-4f0e-b51b-4860cfadbae7.png","JER","JLM","Hapoel Jerusalem Basketball Club","https://media-cdn.incrowdsports.com/8058e0c5-3042-45e1-9423-f93f33c54576.png",13,0,19.0602564102564,15.3,4.2,6.8,"62.5%",1.2,3.5,"35.6%",3.2,3.9,"80.4%",0.4,1.5,1.8,3.8,0.9,1.7,0.2,0.5,3,2.8,14.2
"23-01-2026 04:46:05",36,"012760","BANKSTON, KRIS",26,"https://media-cdn.cortextech.io/7f4860d7-6420-45c3-afe5-a00b52b5187c.png","TTK","TTA","Turk Telekom Ankara","https://media-cdn.incrowdsports.com/4ba35608-54ca-4800-a59c-f2571e6f8e13.png",14,5,20.5238095238095,9.7,4.1,5.3,"78.4%",0,0.1,"0%",1.4,2,"71.4%",2.2,2.9,5.1,1,0.6,1.2,1,0.1,2.2,2.1,14.2
"23-01-2026 04:46:05",36,"013969","SMITH, MARK",26,"https://media-cdn.cortextech.io/67e6735a-3570-4c77-9c40-029dfb0edb48.png","ULM","ULM","ratiopharm ulm","https://media-cdn.cortextech.io/5750bc8b-dd63-48e4-8586-10d4e5e2b4e2.png",14,13,27.8,13.8,3.1,6,"51.2%",1.6,4.1,"37.9%",2.9,3.6,"82%",1.2,2.9,4.1,3.3,1,2.4,0,0.2,3.5,4.2,14.2
"23-01-2026 04:46:05",38,"008912","CARRINGTON, KHADEEN",30,"https://media-cdn.cortextech.io/8ec49f21-136c-4a4f-82bf-f8de4d20dfa7.png","JER","JLM","Hapoel Jerusalem Basketball Club","https://media-cdn.incrowdsports.com/8058e0c5-3042-45e1-9423-f93f33c54576.png",14,14,25.8345238095238,14.6,2.9,5.4,"53.9%",2.3,5.1,"45.1%",1.9,2.4,"79.4%",0.4,1.9,2.3,2.3,1.1,1.4,0.1,0.3,2.1,3.2,14.1
"23-01-2026 04:46:05",38,"013859","MCGHEE, DARIUS",26,"https://media-cdn.cortextech.io/6b0d59a7-eef6-44f8-8f3d-c0af00a86d87.png","BOU","JLB","JL Bourg","https://media-cdn.incrowdsports.com/d4225e1b-7c1b-4382-98d4-ca8511c64441.png",14,13,26.2297619047619,14,2,4,"50%",2.9,7.7,"38%",1.2,1.6,"73.9%",0.4,2.7,3.1,4.9,1.5,2.3,0.2,0.3,1.6,1.7,14.1
"23-01-2026 04:46:05",40,"013921","GRAY, KADRE",28,"https://media-cdn.cortextech.io/f470c9e9-6745-49d8-97fa-a825be8ed932.png","WRO","WKS","WKS Slask Wroclaw","https://media-cdn.incrowdsports.com/0415061b-5374-4a0d-bc04-8fcbc8ad0bb3.png",14,14,27.4440476190476,15.4,3.1,7.7,"39.8%",0.9,3.4,"25.5%",6.7,8.2,"81.7%",0.3,2.1,2.4,4.2,0.6,3.6,0,0.7,2.2,6.6,14.1
"23-01-2026 04:46:05",41,"013272","LAMB, ANTHONY",27,"https://media-cdn.cortextech.io/e8fa2ffe-1a82-4209-b67c-a0ac065ef59f.png","JER","JLM","Hapoel Jerusalem Basketball Club","https://media-cdn.incrowdsports.com/8058e0c5-3042-45e1-9423-f93f33c54576.png",15,7,25.1311111111111,10.1,2.3,3.9,"59.3%",1.3,2.8,"45.2%",1.6,2.1,"75%",1.2,4.3,5.5,2.8,0.7,1.3,0.4,0,3.1,2.7,14.1
"23-01-2026 04:46:05",42,"013890","DAVIS JR., COREY",28,"https://media-cdn.cortextech.io/67fe4e6a-8f06-4132-bc1f-9ba4545f3237.png","NIN","NIN","NINERS Chemnitz","https://media-cdn.cortextech.io/75ae96be-69f9-4e48-b5bd-b1056842db57.png",14,12,31.777380952381,13.7,2.3,4.8,"47.8%",2.4,5.8,"40.7%",2.1,2.5,"82.9%",0.5,1.9,2.4,5.6,1.1,3.1,0.2,0.1,2.4,2.9,14
"23-01-2026 04:46:05",42,"014095","SCOTT, JOEL",24,"https://media-cdn.cortextech.io/c903bbf6-2927-4aaf-a608-0586a99e8fb3.png","LLI","LDN","London Lions","https://media-cdn.cortextech.io/102de468-9e41-4b8e-b44d-23bebb9e916f.png",8,8,26.3125,12.5,3.5,6.1,"57.1%",0.6,3.1,"20%",3.6,4.2,"85.3%",2.2,3.1,5.4,1.5,0.8,1.5,0.1,1,3.4,5.4,14
"23-01-2026 04:46:05",44,"005531","NIZIOL, JAKUB",29,"https://media-cdn.cortextech.io/0e580d11-fc80-4dc6-b9c8-54ebcf055fc1.png","WRO","WKS","WKS Slask Wroclaw","https://media-cdn.incrowdsports.com/0415061b-5374-4a0d-bc04-8fcbc8ad0bb3.png",11,9,24.819696969697,10.1,1.4,2.7,"50%",1.1,3.1,"35.3%",4.1,5,"81.8%",0.6,3.1,3.7,3.4,0.8,1.9,0.3,0.1,1.5,3.5,13.9
"23-01-2026 04:46:05",45,"013256","MORGAN, JUWAN",28,"https://media-cdn.cortextech.io/373a1ddd-392f-462a-add8-791b6fac647a.png","BUD","BUD","KK Buducnost","https://media-cdn.incrowdsports.com/47161285-94b3-4266-9d23-b722e8600945.png",12,1,21.2777777777778,7.6,1.7,2.8,"60.6%",0.6,1.7,"35%",2.5,3,"83.3%",0.8,4,4.8,2.4,1.4,1.7,0.7,0.2,2.7,3.8,13.5
"23-01-2026 04:46:05",46,"005917","ORIOLA, PIERRE",33,"https://media-cdn.cortextech.io/af45e89a-1a40-4b01-87bf-ff15bd0c14dc.png","MAN","MAN","BAXI Manresa","https://media-cdn.cortextech.io/a28053c7-ada4-47de-ae4c-888c1b3996b6.png",8,1,15.4708333333333,9.4,2.5,3.6,"69%",0.6,1.4,"45.5%",2.5,2.8,"90.9%",2.1,3,5.1,1.4,0.5,1.6,0.5,0.4,2,2.5,13.2
"23-01-2026 04:46:05",47,"009649","PHILLIP, TARIK",32,"https://media-cdn.cortextech.io/b48e948a-3c21-4020-ac15-e265237714ab.png","LLI","LDN","London Lions","https://media-cdn.cortextech.io/102de468-9e41-4b8e-b44d-23bebb9e916f.png",15,2,25.7888888888889,11.7,2.6,4.7,"54.9%",1.5,3.9,"37.3%",2.1,4,"51.7%",0.4,3.1,3.5,3.9,1.1,3.2,0.1,0.1,2.4,5.1,13.2
"23-01-2026 04:46:05",48,"013929","COLE, RJ",26,"https://media-cdn.cortextech.io/ed90e95e-6fc6-4d32-aee4-d093561ab10b.png","VNC","URV","Umana Reyer Venice","https://media-cdn.incrowdsports.com/104f5074-9f23-47da-a21f-f2078db8244c.png",15,15,25.9733333333333,12.6,2.5,5.9,"41.6%",1.3,3.7,"35.7%",3.7,4.1,"88.7%",0.3,2.1,2.4,4.3,0.5,1.1,0,0.4,2.4,3.5,13.1
"23-01-2026 04:46:05",49,"010726","JENSEN, TOBIAS",21,"https://media-cdn.cortextech.io/8673a96f-5198-405a-8061-c9af14d84d04.png","ULM","ULM","ratiopharm ulm","https://media-cdn.cortextech.io/5750bc8b-dd63-48e4-8586-10d4e5e2b4e2.png",15,15,30.0255555555556,12.1,2.3,5.1,"45.5%",2.2,5.1,"43.4%",0.9,1.1,"76.5%",1.1,2.3,3.5,4.9,1.4,1.9,0.2,0.5,2.6,1.9,13
"23-01-2026 04:46:05",50,"011837","KOKILA, KEVIN",24,"https://media-cdn.cortextech.io/3a09631d-36f0-479b-94f2-5d5f8164b7c4.png","BOU","JLB","JL Bourg","https://media-cdn.incrowdsports.com/d4225e1b-7c1b-4382-98d4-ca8511c64441.png",15,15,22.8111111111111,8.4,2.5,5.1,"50%",0,0,"0%",3.3,4.3,"78.1%",2.5,3.3,5.8,0.8,1,1.3,0.7,0.2,3.7,4.9,12.9
"23-01-2026 04:46:05",51,"009601","CAVANAUGH, TYLER",31,"https://media-cdn.cortextech.io/6b0b660e-c01a-419f-bfa3-e03ccb6f7dcf.png","BAH","BKS","Bahcesehir Koleji Istanbul","https://media-cdn.incrowdsports.com/1d3274d8-da86-4d21-9e97-6810ab88babe.png",14,13,24.7261904761905,10.5,2.2,3.5,"63.3%",1.2,3.6,"33.3%",2.4,2.8,"87.2%",1.3,3.6,4.9,1,0.6,0.7,0.4,0,2.5,2.6,12.9
"23-01-2026 04:46:05",52,"003840","BOUTEILLE, AXEL",30,"https://media-cdn.cortextech.io/567525ba-cd28-466c-ab18-f1904605c35f.png","BUD","BUD","KK Buducnost","https://media-cdn.incrowdsports.com/47161285-94b3-4266-9d23-b722e8600945.png",15,7,19.5311111111111,11.7,3.1,4.5,"68.7%",1.5,2.7,"55%",1.2,1.4,"85.7%",0.6,2.2,2.8,1.2,0.4,1,0.1,0.1,0.8,1.1,12.7
"23-01-2026 04:46:05",52,"009429","JAKIMOVSKI, ANDREJ",24,"https://media-cdn.cortextech.io/b279a163-79cf-4567-943f-5e4e470f2cbc.png","TRN","TRE","Dolomiti Energia Trento","https://media-cdn.incrowdsports.com/00c5cc07-732c-43c3-9d6e-5440594a25f8.png",15,6,23.6222222222222,11.7,2.9,4.9,"58.1%",1.1,3.9,"28.8%",2.6,3.5,"75%",2.1,3.5,5.6,0.7,0.8,1,0.1,0.5,1.9,2.9,12.7
"23-01-2026 04:46:05",54,"013922","DEVOE, MICHAEL JADEN",26,"https://media-cdn.cortextech.io/0baadfd8-dd30-4937-92ea-550148e728ae.png","TTK","TTA","Turk Telekom Ankara","https://media-cdn.incrowdsports.com/4ba35608-54ca-4800-a59c-f2571e6f8e13.png",12,7,22.2847222222222,10.4,2.5,4.8,"51.7%",0.9,2.6,"35.5%",2.7,3.3,"80%",0.4,2.7,3.1,4.1,0.9,1.9,0,0.3,2.2,3.2,12.7
"23-01-2026 04:46:05",55,"013285","DOTSON, DEVON",26,"https://media-cdn.cortextech.io/dac4a3df-f9ae-4e9f-afaf-3afc025af703.png","BES","BJK","Besiktas Istanbul","https://media-cdn.cortextech.io/7d37b2d0-2a4a-4a86-bf2c-266bd8da7cac.png",14,7,20.8630952380952,9.9,3.4,5.8,"59.3%",0.6,1.9,"30.8%",1.3,2.1,"60%",0.7,2.5,3.2,4.4,0.8,1.3,0.1,0.6,2.7,3.3,12.6
"23-01-2026 04:46:05",56,"013512","DANUSEVICIUS, PAULIUS",24,"https://media-cdn.cortextech.io/7a53cd13-4251-4a0d-aa31-fd253d87190b.png","LKB","LIE","Lietkabelis Panevezys ","https://media-cdn.cortextech.io/ffcb6e37-31f4-48f6-91c2-a8c9a6f791a9.png",15,11,27.0533333333333,10.6,3.6,6.4,"56.2%",0.6,2.3,"25.7%",1.6,2.9,"54.5%",2.8,3.9,6.7,1.8,0.3,1.9,0.8,0.1,2.3,2.3,12.3
"23-01-2026 04:46:05",57,"012598","SOW, AMADOU",27,"https://media-cdn.cortextech.io/dadc8754-311c-4c53-a72d-aa548a9228d3.png","NIN","NIN","NINERS Chemnitz","https://media-cdn.cortextech.io/75ae96be-69f9-4e48-b5bd-b1056842db57.png",14,12,23.9142857142857,11.9,2.9,4.4,"66.1%",0.9,2.4,"35.3%",3.4,4.1,"82.8%",1.9,3.1,5.1,0.6,0.4,1.4,0.6,0.5,3.4,2.9,12.3
"23-01-2026 04:46:05",58,"013276","SMITH, JUSTIN",26,"https://media-cdn.cortextech.io/7b350b03-177c-4bd6-860e-25d25e1c7026.png","JER","JLM","Hapoel Jerusalem Basketball Club","https://media-cdn.incrowdsports.com/8058e0c5-3042-45e1-9423-f93f33c54576.png",12,3,19.2166666666667,12.6,5.7,8.9,"63.6%",0,0,"0%",1.2,2.2,"55.6%",1.3,1.8,3.2,0.5,1,1.2,0.9,0.3,2.2,1.8,12
"23-01-2026 04:46:05",58,"013932","THORPE, LEONARD",26,"https://media-cdn.cortextech.io/bc62dbe6-165f-4edd-88f8-96ae340ccc02.png","HAM","HAM","Hamburg Towers","https://media-cdn.incrowdsports.com/5ef8be01-ad71-42c2-aa02-d5c7a9495258.png",12,11,23.2694444444444,12.1,4.1,8.1,"50.5%",0.2,1.3,"18.8%",3.2,3.9,"80.9%",0.9,2.4,3.3,5.6,0.2,3.3,0.1,0.6,3.5,3.9,12
"23-01-2026 04:46:05",60,"003783","UGURLU, BERK",29,"https://media-cdn.cortextech.io/2102941b-eb57-41e1-9907-a05a2db5615b.png","BES","BJK","Besiktas Istanbul","https://media-cdn.cortextech.io/7d37b2d0-2a4a-4a86-bf2c-266bd8da7cac.png",15,8,19.2422222222222,7.5,2.3,3.2,"72.9%",0.6,1.5,"39.1%",1.1,1.1,"100%",0.9,1.3,2.2,4.5,0.6,0.8,0.1,0.1,1.9,1.5,11.9
"23-01-2026 04:46:05",61,"013891","NEWMAN III, JOHN",26,"https://media-cdn.cortextech.io/64969bb2-8859-4228-9804-f5f68e930d4c.png","NIN","NIN","NINERS Chemnitz","https://media-cdn.cortextech.io/75ae96be-69f9-4e48-b5bd-b1056842db57.png",8,8,26.08125,9.6,2.1,3.4,"63%",1.2,2.5,"50%",1.6,3,"54.2%",1,3,4,1.9,1.1,1.6,0.4,0.2,2.5,3.1,11.9
"23-01-2026 04:46:05",62,"013914","HANDS, JAYLEN",26,"https://media-cdn.cortextech.io/694eda08-f4fd-48c7-93cf-03347ae7f4eb.png","NIO","PAN","Panionios BC","https://media-cdn.cortextech.io/b29ffd81-917d-4cc9-bcbc-05d4a3b481c5.png",8,5,22.5875,11.5,1.9,5,"37.5%",1.4,5.2,"26.2%",3.6,4.5,"80.6%",0.5,3.5,4,2.8,1.2,1.5,0,0.6,1.5,3.5,11.5
"23-01-2026 04:46:05",63,"011192","SMITH, JALEEN",31,"https://media-cdn.cortextech.io/4a008cf5-4e42-49aa-ad32-2dcc12ae9565.png","TTK","TTA","Turk Telekom Ankara","https://media-cdn.incrowdsports.com/4ba35608-54ca-4800-a59c-f2571e6f8e13.png",15,8,25.4833333333333,12.4,1.6,3.3,"48%",2.2,5.6,"39.3%",2.6,3.3,"79.6%",0.2,1.9,2.1,3.3,1.1,1.7,0.1,0.1,1.8,1.9,11.5
"23-01-2026 04:46:05",64,"011251","HOMESLEY, CALEB",29,"https://media-cdn.cortextech.io/0d3640a2-d499-462b-8d27-02fac053abfc.png","BAH","BKS","Bahcesehir Koleji Istanbul","https://media-cdn.incrowdsports.com/1d3274d8-da86-4d21-9e97-6810ab88babe.png",13,10,23.2564102564103,12.1,2.7,4.5,"59.3%",1.5,4.8,"30.2%",2.3,2.9,"78.9%",0.6,2.1,2.7,2.5,0.8,1.2,0.2,0.2,2.2,2.5,11.5
"23-01-2026 04:46:05",65,"010449","BENITEZ, HUGO",24,"https://media-cdn.cortextech.io/54b04e99-9fc1-4593-a170-4dabd952c9b5.png","MAN","MAN","BAXI Manresa","https://media-cdn.cortextech.io/a28053c7-ada4-47de-ae4c-888c1b3996b6.png",10,7,22.2083333333333,9.5,3.6,7.7,"46.8%",0.2,1.2,"16.7%",1.7,1.9,"89.5%",0.9,2,2.9,6.3,1.1,2.2,0.1,0.3,2.8,2.1,11.4
"23-01-2026 04:46:05",65,"013959","LONG, ELIJAH - MITROU",29,"https://media-cdn.cortextech.io/145f8790-ea1f-4c7d-9fba-ff8fe0d16ae1.png","ARI","ARI","Aris Thessaloniki","https://media-cdn.cortextech.io/28be84d9-ad7e-43b3-8d8c-822bb76b8a9e.png",15,7,24.42,11.7,2.5,5.1,"48.1%",1.5,4.7,"31.4%",2.3,3.1,"76.1%",0.7,2.2,2.9,3.3,0.9,1.7,0.1,0.3,2.5,3.7,11.4
"23-01-2026 04:46:05",65,"006640","OZDEMIROGLU, DOGUS",29,"https://media-cdn.cortextech.io/5f00f0a8-1923-4c3f-906a-d86332a23c05.png","TTK","TTA","Turk Telekom Ankara","https://media-cdn.incrowdsports.com/4ba35608-54ca-4800-a59c-f2571e6f8e13.png",15,14,22.9344444444444,9.4,2.5,4.3,"58.5%",0.7,3.6,"20.4%",2.1,3.2,"66.7%",1.1,1.9,2.9,4.5,2.1,2.5,0,0.3,2.5,3.5,11.4
"23-01-2026 04:46:05",68,"013926","MOLINAR, IVERSON",26,"https://media-cdn.cortextech.io/fc6290e3-0b14-41fe-b114-3860f50b7d90.png","CLU","UBT","U-BT Cluj-Napoca","https://media-cdn.incrowdsports.com/ae3e2844-0615-41bb-a788-a4f0d54b8d5e.png",12,7,25.6083333333333,13.1,4.2,8.2,"51.5%",0.8,1.9,"43.5%",2.1,2.6,"80.6%",0.4,1.2,1.7,3.8,0.9,2.2,0.3,0.9,2.5,2.4,11
"23-01-2026 04:46:05",68,"013861","STEWARD, DJ",24,"https://media-cdn.cortextech.io/8163227a-e1a5-4219-907b-196214ad7637.png","TRN","TRE","Dolomiti Energia Trento","https://media-cdn.incrowdsports.com/00c5cc07-732c-43c3-9d6e-5440594a25f8.png",13,12,28.4974358974359,13.6,4.1,7.9,"51.5%",1,4,"25%",2.5,2.8,"86.5%",0.7,2,2.7,3.2,0.8,2.8,0.3,0.5,1.7,2.5,11
"23-01-2026 04:46:05",70,"013849","GOLDEN, GRANT",27,"https://media-cdn.cortextech.io/b20d0dd9-b858-4a65-9a93-6545588c8f25.png","MAN","MAN","BAXI Manresa","https://media-cdn.cortextech.io/a28053c7-ada4-47de-ae4c-888c1b3996b6.png",14,7,16.6464285714286,8.6,3.6,6.1,"58.1%",0,0,"0%",1.4,2.1,"69%",1.2,2.8,4,2.7,0.4,1.4,0.2,0.2,1.9,1.6,10.9
"23-01-2026 04:46:05",71,"013917","SENGFELDER, CHRISTIAN",30,"https://media-cdn.cortextech.io/5f3afa4d-663f-463d-a1ad-c9fb05a9b2ef.png","ULM","ULM","ratiopharm ulm","https://media-cdn.cortextech.io/5750bc8b-dd63-48e4-8586-10d4e5e2b4e2.png",15,7,20.4433333333333,10.7,3.6,4.9,"73%",0.7,2.2,"33.3%",1.3,1.9,"69%",1.9,2.3,4.1,0.7,0.9,0.9,0.1,0.5,2.6,1.7,10.9
"23-01-2026 04:46:05",71,"004639","SKARA, DAVID",30,"https://media-cdn.cortextech.io/fac0f2f7-0e3e-4711-956b-ea1d2df74844.png","LJU","COL","KK Cedevita Olimpija","https://media-cdn.incrowdsports.com/73b33d13-570e-4e49-a9cb-fe806831eaa7.png",15,7,22.1766666666667,9.2,3,4.1,"73.8%",0.5,1.3,"35%",1.8,2.3,"79.4%",1.5,2.5,4,0.9,0.5,0.9,0.3,0.1,2.6,2,10.9
"23-01-2026 04:46:05",73,"008052","WILTJER, KYLE",33,"https://media-cdn.cortextech.io/c5ac1d3b-f835-48b3-8d8a-d38f74b503aa.png","VNC","URV","Umana Reyer Venice","https://media-cdn.incrowdsports.com/104f5074-9f23-47da-a21f-f2078db8244c.png",15,15,20.3277777777778,11.9,2.7,5.1,"53.2%",1.7,4.5,"38.2%",1.3,1.5,"82.6%",0.5,2.8,3.3,1.7,0.3,1.2,0.2,0.2,1.5,1.6,10.8
"23-01-2026 04:46:05",74,"011909","PARKS, JORDAN",31,"https://media-cdn.cortextech.io/6ea3abc1-467c-4ec9-b27c-8593f60e3cff.png","VNC","URV","Umana Reyer Venice","https://media-cdn.incrowdsports.com/104f5074-9f23-47da-a21f-f2078db8244c.png",12,11,22.4805555555556,11,3.8,5.7,"66.2%",0.5,2.6,"19.4%",2,2.6,"77.4%",1,2.6,3.6,1.2,1,1.8,0.8,0.1,2.5,2.1,10.8
"23-01-2026 04:46:05",75,"010402","ALDRIDGE, PEYTON",30,"https://media-cdn.cortextech.io/5220f4f4-27e7-443a-a87f-bdae6fc92272.png","TRN","TRE","Dolomiti Energia Trento","https://media-cdn.incrowdsports.com/00c5cc07-732c-43c3-9d6e-5440594a25f8.png",15,14,25.73,7.9,1.3,2.5,"51.4%",1.6,3.7,"42.9%",0.5,0.6,"88.9%",1.9,4.1,5.9,1.4,0.9,0.8,0.6,0.2,2.4,0.8,10.7
"23-01-2026 04:46:05",76,"007423","MINCHEV, YORDAN",27,"https://media-cdn.cortextech.io/8b9744f1-350d-400a-b644-a59b83c7e19a.png","NIN","NIN","NINERS Chemnitz","https://media-cdn.cortextech.io/75ae96be-69f9-4e48-b5bd-b1056842db57.png",15,7,24.4877777777778,8,2.5,3.9,"63.8%",0.5,1.7,"30.8%",1.5,2.1,"71%",1.2,4,5.2,1.6,1.3,1.4,0.3,0.1,3,2.1,10.7
"23-01-2026 04:46:05",77,"004172","PONITKA, MATEUSZ",32,"https://media-cdn.cortextech.io/1ab6ed9c-aa0c-4dd0-9fb3-81f2ef325aae.png","BAH","BKS","Bahcesehir Koleji Istanbul","https://media-cdn.incrowdsports.com/1d3274d8-da86-4d21-9e97-6810ab88babe.png",13,6,22.124358974359,6.6,2.1,3.2,"64.3%",0,1.2,"0%",2.5,3.2,"76.2%",1,2.6,3.6,1.9,1.5,0.8,0.2,0.4,2,3.1,10.6
"23-01-2026 04:46:05",77,"009878","WILLIAMS, JOHNATHAN",30,"https://media-cdn.cortextech.io/ba2207ac-a1c8-4f29-b297-e07c3f3d309d.png","LLI","LDN","London Lions","https://media-cdn.cortextech.io/102de468-9e41-4b8e-b44d-23bebb9e916f.png",13,11,27.3025641025641,8.7,3.3,6,"55.1%",0.1,0.5,"16.7%",1.8,4.1,"45.3%",2.2,3.4,5.6,1.5,0.7,2,0.4,0.3,2.7,4,10.6
"23-01-2026 04:46:05",79,"009025","BROWN, ANTHONY",33,"https://media-cdn.cortextech.io/af795165-786e-4dc2-87f6-c295c843a118.png","BES","BJK","Besiktas Istanbul","https://media-cdn.cortextech.io/7d37b2d0-2a4a-4a86-bf2c-266bd8da7cac.png",15,12,23.6722222222222,10.5,1.4,2.9,"47.7%",2,4.7,"42.3%",1.7,2,"86.7%",0.2,3.3,3.5,2.2,0.6,1.6,0.1,0.1,2.2,1.9,10.5
"23-01-2026 04:46:05",80,"011150","SULAIMON, RASHEED",31,"https://media-cdn.cortextech.io/737be54a-c564-4ce7-9691-c8ab8677e5d3.png","BUD","BUD","KK Buducnost","https://media-cdn.incrowdsports.com/47161285-94b3-4266-9d23-b722e8600945.png",15,15,23.8866666666667,11.9,3.2,5.9,"53.9%",1.5,4.5,"32.4%",1.1,1.8,"59.3%",0.2,2.1,2.3,3.3,0.9,1.7,0,0.2,2.1,2.6,10.5
"23-01-2026 04:46:05",81,"013889","SIBANDE, NIKE",26,"https://media-cdn.cortextech.io/15f84579-3215-4055-90b8-8fe46edc7758.png","NIN","NIN","NINERS Chemnitz","https://media-cdn.cortextech.io/75ae96be-69f9-4e48-b5bd-b1056842db57.png",13,5,23.4884615384615,9.3,2.5,4.4,"57.9%",0.7,2.5,"28.1%",2.2,2.3,"93.3%",0.7,2.9,3.6,2,0.7,2,0.1,0.5,2,2.9,10.4
"23-01-2026 04:46:05",81,"006548","TSALMPOURIS, GIORGOS",29,"https://media-cdn.cortextech.io/213f2039-bb4c-4ad8-9989-7facbd983de8.png","NIO","PAN","Panionios BC","https://media-cdn.cortextech.io/b29ffd81-917d-4cc9-bcbc-05d4a3b481c5.png",13,0,22.3128205128205,12.5,2.9,6,"48.7%",1.9,5.1,"37.9%",0.9,1.3,"70.6%",0.5,2.8,3.4,1.2,0.5,1,0.3,0,1.6,1.7,10.4
"23-01-2026 04:46:05",83,"013973","KENNEDY, THOMAS",25,"https://media-cdn.cortextech.io/8373b7ca-0306-4df8-bae3-b223af090dd1.png","LJU","COL","KK Cedevita Olimpija","https://media-cdn.incrowdsports.com/73b33d13-570e-4e49-a9cb-fe806831eaa7.png",14,9,22.6083333333333,7.7,3.1,5.4,"56.6%",0,0.1,"0%",1.6,3.1,"50%",1.6,4.1,5.6,1.8,0.7,0.9,0.3,0.3,2.9,2.3,10.4
"23-01-2026 04:46:05",84,"011797","GUZMAN, KAREL",30,"https://media-cdn.cortextech.io/52a45fa4-2f33-452b-9908-826270198523.png","CLU","UBT","U-BT Cluj-Napoca","https://media-cdn.incrowdsports.com/ae3e2844-0615-41bb-a788-a4f0d54b8d5e.png",13,10,25.5525641025641,9.5,1.8,3.5,"51.1%",1.5,4.5,"32.2%",1.5,2.5,"62.5%",1.2,3.5,4.8,2.1,1.3,1.7,0.1,0.3,2.3,2.6,10.3
"23-01-2026 04:46:05",85,"013396","MAYS, SKYLAR",28,"https://media-cdn.cortextech.io/b6df7341-1614-4f54-a5dd-ec93968a05ad.png","BUD","BUD","KK Buducnost","https://media-cdn.incrowdsports.com/47161285-94b3-4266-9d23-b722e8600945.png",15,0,16.9722222222222,9.9,2.3,4.7,"48.6%",1.3,3.1,"41.3%",1.5,1.7,"88.5%",0.5,2.7,3.2,2,1.1,1.5,0,0.4,1.5,1.7,10.2
"23-01-2026 04:46:05",85,"013916","OSBORNE, MALIK",27,"https://media-cdn.cortextech.io/42878a33-c511-4b37-93e9-8504a5e1f298.png","ULM","ULM","ratiopharm ulm","https://media-cdn.cortextech.io/5750bc8b-dd63-48e4-8586-10d4e5e2b4e2.png",15,8,21.3911111111111,8.7,1.7,3.2,"54.2%",1.3,2.8,"45.2%",1.5,1.7,"84.6%",1.5,4.4,5.9,1,0.4,1.3,0.1,0.1,3.1,1.9,10.2
"23-01-2026 04:46:05",87,"011938","OBASOHAN, RETIN",32,"https://media-cdn.cortextech.io/300c990e-69a7-4eda-9e32-b8446019887a.png","MAN","MAN","BAXI Manresa","https://media-cdn.cortextech.io/a28053c7-ada4-47de-ae4c-888c1b3996b6.png",15,9,19.5022222222222,10.3,2.5,4.9,"52.1%",0.8,3.1,"26.1%",2.8,4.1,"67.7%",0.7,1.5,2.2,2.5,0.8,1.3,0.1,0.3,2.6,4.4,10.1
"23-01-2026 04:46:05",88,"013928","BOWMAN, KY",28,"https://media-cdn.cortextech.io/45b6e93f-cb23-474f-923f-e11d8efa18c5.png","VNC","URV","Umana Reyer Venice","https://media-cdn.incrowdsports.com/104f5074-9f23-47da-a21f-f2078db8244c.png",11,9,20.8060606060606,9.5,2.4,4.1,"57.8%",0.9,3.5,"25.6%",2,2.6,"75.9%",0.4,2.1,2.5,2.6,0.8,1.3,0.1,0.2,2,3.1,10.1
"23-01-2026 04:46:05",89,"011936","MATHEWS, JONAH",27,"https://media-cdn.cortextech.io/86da3efe-fd63-4792-a3ed-2821caf91ae6.png","BES","BJK","Besiktas Istanbul","https://media-cdn.cortextech.io/7d37b2d0-2a4a-4a86-bf2c-266bd8da7cac.png",15,15,23.7555555555556,13.9,2.7,5.1,"53.2%",2.3,6.3,"35.8%",1.7,2.3,"73.5%",0.5,2.1,2.5,3,0.9,2.3,0.3,0.3,3.3,2.3,10
"23-01-2026 04:46:05",89,"006919","OLINDE, LOUIS",27,"https://media-cdn.cortextech.io/c453742e-1388-429c-aeaa-dc36c2f07c33.png","MAN","MAN","BAXI Manresa","https://media-cdn.cortextech.io/a28053c7-ada4-47de-ae4c-888c1b3996b6.png",13,6,21.9512820512821,9.4,1.7,3.5,"48.9%",1.4,3.6,"38.3%",1.8,2.3,"80%",1.8,2.4,4.2,0.9,0.2,1,0.2,0.3,2.2,3.2,10
"23-01-2026 04:46:05",89,"013847","REYES, ALEX",32,"https://media-cdn.cortextech.io/6acde398-de85-4c56-8317-dfbc14e15424.png","MAN","MAN","BAXI Manresa","https://media-cdn.cortextech.io/a28053c7-ada4-47de-ae4c-888c1b3996b6.png",14,11,21.822619047619,11.1,1.2,2.6,"45.9%",2.2,5.8,"38.3%",2,2.1,"93.3%",0.5,3.3,3.8,1.1,0.4,1.3,0.1,0.1,1.8,1.9,10
"23-01-2026 04:46:05",92,"011947","SANON, ISSUF",26,"https://media-cdn.cortextech.io/76c7474f-d490-455b-a487-a94c65741022.png","WRO","WKS","WKS Slask Wroclaw","https://media-cdn.incrowdsports.com/0415061b-5374-4a0d-bc04-8fcbc8ad0bb3.png",11,2,20.8181818181818,10.8,2.4,4.6,"51%",1.3,4.4,"29.2%",2.3,2.7,"83.3%",0.5,2.3,2.8,3.5,0.9,1.5,0,0.3,3,2.4,9.9
"23-01-2026 04:46:05",93,"014170","LEMON, STEDMON",33,"https://media-cdn.cortextech.io/6b900eda-7769-488a-8f12-8927fa8ab420.png","NIO","PAN","Panionios BC","https://media-cdn.cortextech.io/b29ffd81-917d-4cc9-bcbc-05d4a3b481c5.png",9,8,25.2166666666667,10.8,4,6.8,"59%",0.7,2.8,"24%",0.8,1.2,"63.6%",0.9,2.6,3.4,1,0.9,0.9,0.2,0.1,1.2,1.1,9.9
"23-01-2026 04:46:05",94,"009680","MORGAN, CONOR",31,"https://media-cdn.cortextech.io/66c3813f-e185-4ce7-b1bf-c9f7df0229a2.png","BES","BJK","Besiktas Istanbul","https://media-cdn.cortextech.io/7d37b2d0-2a4a-4a86-bf2c-266bd8da7cac.png",12,10,20.6902777777778,8.2,1.4,2.8,"51.5%",1.3,2.9,"45.7%",1.3,1.7,"80%",1.2,3.7,4.8,2.3,0.4,1.5,0.5,0.2,3,1.6,9.8
"23-01-2026 04:46:05",95,"008062","MCDOWELL-WHITE, WILL",27,"https://media-cdn.cortextech.io/1b6b5e70-f5d1-4642-a8ce-719a052fc06e.png","BOU","JLB","JL Bourg","https://media-cdn.incrowdsports.com/d4225e1b-7c1b-4382-98d4-ca8511c64441.png",9,2,20.0703703703704,8,1.2,1.7,"73.3%",1.7,3.9,"42.9%",0.6,0.8,"71.4%",0.3,2.9,3.2,3.3,0.8,2.2,0.2,0.1,2.3,1.8,9.8
"23-01-2026 04:46:05",96,"006724","BAYEHE, JORDAN",26,"https://media-cdn.cortextech.io/7525f6b1-a6a7-4b63-bafe-3c7d4211791d.png","TRN","TRE","Dolomiti Energia Trento","https://media-cdn.incrowdsports.com/00c5cc07-732c-43c3-9d6e-5440594a25f8.png",14,5,19.5178571428571,8.2,1.9,3.4,"56.2%",0.3,1.3,"22.2%",3.5,4.1,"86%",1.2,2.4,3.6,0.6,0.5,1.1,0.3,0.1,2.6,3.4,9.7
"23-01-2026 04:46:05",97,"012716","HARRELL, RONNIE",29,"https://media-cdn.cortextech.io/daed8d83-6584-4634-ab6f-e57c3bd6b107.png","ARI","ARI","Aris Thessaloniki","https://media-cdn.cortextech.io/28be84d9-ad7e-43b3-8d8c-822bb76b8a9e.png",14,9,24.2595238095238,8,2.1,3.2,"66.7%",0.8,2.6,"29.7%",1.4,1.9,"73.1%",0.8,3.9,4.7,1.4,1.1,1.7,0.1,0.1,2.4,1.9,9.6
"23-01-2026 04:46:05",98,"003215","MAJAUSKAS, AURIMAS",32,NA,"KLA","NEP","Neptunas Klaipeda","https://media-cdn.cortextech.io/ed0df5cd-c9e4-4387-bcd4-3606270cd255.png",8,4,19.225,9.4,2.6,4,"65.6%",0.8,1.5,"50%",1.9,2.4,"78.9%",1.2,2.5,3.8,0.8,0.5,0.6,0,0.4,3.9,2.8,9.6
"23-01-2026 04:46:05",98,"006245","WEIDEMANN, NELSON",26,"https://media-cdn.cortextech.io/5d288681-88e6-4740-a0c0-e9c70641b17d.png","ULM","ULM","ratiopharm ulm","https://media-cdn.cortextech.io/5750bc8b-dd63-48e4-8586-10d4e5e2b4e2.png",8,1,22.2958333333333,11.2,1.2,3.5,"35.7%",2.1,4.8,"44.7%",2.4,2.4,"100%",0.5,2,2.5,3,0.4,2.1,0,0.2,2.5,2.2,9.6
"23-01-2026 04:46:05",100,"004723","NIKOLIC, STEFAN",28,"https://media-cdn.cortextech.io/758df4ca-9087-4a82-9254-a42ae16f638b.png","VNC","URV","Umana Reyer Venice","https://media-cdn.incrowdsports.com/104f5074-9f23-47da-a21f-f2078db8244c.png",13,0,16.2128205128205,9.6,3.2,4.5,"72.4%",0.5,1.8,"25%",1.8,2.2,"82.1%",0.8,1.4,2.2,0.7,0.6,0.6,0.1,0.4,1.2,1.6,9.6
"23-01-2026 04:46:05",101,"013265","USHER, JORDAN",27,"https://media-cdn.cortextech.io/e9faacac-579d-4723-960d-14c9f3ccf9b8.png","TTK","TTA","Turk Telekom Ankara","https://media-cdn.incrowdsports.com/4ba35608-54ca-4800-a59c-f2571e6f8e13.png",15,8,25.3844444444444,9.5,2.4,4.4,"54.5%",1,3,"33.3%",1.7,2.3,"71.4%",0.7,2.7,3.4,1.9,1.1,1.7,0.3,0.2,2.5,2.3,9.4
"23-01-2026 04:46:05",101,"013305","WHEATLE, CARL",27,"https://media-cdn.cortextech.io/38e8dd66-5b2f-44b2-a1d9-365d60e083f1.png","VNC","URV","Umana Reyer Venice","https://media-cdn.incrowdsports.com/104f5074-9f23-47da-a21f-f2078db8244c.png",15,4,20.2222222222222,7.9,2.1,3.1,"66%",0.8,1.9,"42.9%",1.3,1.9,"69%",0.5,1.7,2.2,1.8,0.7,0.7,0.4,0.1,1.7,1.6,9.4
"23-01-2026 04:46:05",103,"012711","SIMONOVIC, MARKO",26,"https://media-cdn.cortextech.io/4bc01d51-cfed-4194-aeca-00fce6d11287.png","TTK","TTA","Turk Telekom Ankara","https://media-cdn.incrowdsports.com/4ba35608-54ca-4800-a59c-f2571e6f8e13.png",15,11,19.28,7.8,1.7,2.8,"59.5%",0.5,2.1,"25%",2.9,3.1,"93.5%",1.1,3.1,4.3,1.5,0.3,1.3,0.2,0.3,1.9,1.8,9.3
"23-01-2026 04:46:05",104,"014079","WATERMAN, ZANE",30,"https://media-cdn.cortextech.io/37638907-d4c8-454f-beaf-5426c2da7d02.png","KLA","NEP","Neptunas Klaipeda","https://media-cdn.cortextech.io/ed0df5cd-c9e4-4387-bcd4-3606270cd255.png",15,4,20.35,11.6,2.3,3.7,"61.8%",1.8,4.5,"39.7%",1.7,2.3,"71.4%",1.4,3.1,4.5,0.6,0.2,1,0.2,0.3,3.7,2.1,9.3
"23-01-2026 04:46:05",105,"013913","KREUSER, JACKSON",26,"https://media-cdn.cortextech.io/1393ad9f-459e-417e-9fb6-4167cea5cf21.png","NIO","PAN","Panionios BC","https://media-cdn.cortextech.io/b29ffd81-917d-4cc9-bcbc-05d4a3b481c5.png",15,15,21.3,8.7,1.6,3,"53.3%",1.1,2.8,"40.5%",2.1,2.5,"83.8%",1,2.6,3.6,0.8,0.8,1.3,0.6,0.5,3.2,3.2,9.2
"23-01-2026 04:46:05",106,"006853","JOGELA, MATAS",27,"https://media-cdn.cortextech.io/feb23fc4-98c9-4c20-9899-47ba8a8e3301.png","TRN","TRE","Dolomiti Energia Trento","https://media-cdn.incrowdsports.com/00c5cc07-732c-43c3-9d6e-5440594a25f8.png",13,7,21.7653846153846,9.9,1.9,4,"48.1%",1.5,3.9,"39.2%",1.5,1.8,"79.2%",0.6,2.4,3,2.8,0.5,1.7,0.2,0.2,2.5,2,9.1
"23-01-2026 04:46:05",107,"013930","VALENTINE , DENZEL",32,"https://media-cdn.cortextech.io/9c5c30b9-a525-4d6e-8d2a-d01c09346efd.png","VNC","URV","Umana Reyer Venice","https://media-cdn.incrowdsports.com/104f5074-9f23-47da-a21f-f2078db8244c.png",14,6,22.7309523809524,8.1,1.1,2.4,"44.1%",1.9,5.2,"37%",0.2,0.3,"75%",0.1,3.6,3.7,4.2,0.9,2,0.1,0.1,2.1,0.8,9.1
"23-01-2026 04:46:05",108,"013514","MENSAH, NATHAN",27,"https://media-cdn.cortextech.io/11a6db2e-4364-4e6f-82c8-8e1137f184a5.png","CLU","UBT","U-BT Cluj-Napoca","https://media-cdn.incrowdsports.com/ae3e2844-0615-41bb-a788-a4f0d54b8d5e.png",8,3,16.625,5.1,2,3.4,"59.3%",0,0,"0%",1.1,1.9,"60%",1.8,4.1,5.9,0.5,0.4,1,1.1,0,2.2,1.4,9
"23-01-2026 04:46:05",109,"014098","WILLIAMS, DEANE",29,"https://media-cdn.cortextech.io/86896e6b-d11c-4ca9-9b31-ba02692b97e8.png","LLI","LDN","London Lions","https://media-cdn.cortextech.io/102de468-9e41-4b8e-b44d-23bebb9e916f.png",15,7,23.4511111111111,8.3,2.1,3.8,"56.1%",0.9,2.5,"36.8%",1.2,1.9,"64.3%",1.1,2.7,3.9,1.8,0.8,1.5,1.1,0,3.1,1.6,8.9
"23-01-2026 04:46:05",110,"013251","WOODBURY, TREY",26,"https://media-cdn.cortextech.io/785c6591-a714-4675-b329-af0b841bb581.png","CLU","UBT","U-BT Cluj-Napoca","https://media-cdn.incrowdsports.com/ae3e2844-0615-41bb-a788-a4f0d54b8d5e.png",15,6,22.4644444444444,9.5,2.2,3.6,"61.1%",1.4,3.1,"44.7%",0.9,1.1,"76.5%",0.4,2.1,2.5,2.7,1.1,2.3,0.1,0.1,2.3,1.1,8.8
"23-01-2026 04:46:05",111,"011926","KAMAGATE, ISMAEL",24,"https://media-cdn.cortextech.io/f40c6d7d-22cc-4a9b-a228-f70e5cfcdac0.png","BES","BJK","Besiktas Istanbul","https://media-cdn.cortextech.io/7d37b2d0-2a4a-4a86-bf2c-266bd8da7cac.png",15,0,14.45,6.8,2.6,3.3,"78%",0,0,"0%",1.6,2.5,"64.9%",1.5,2.1,3.6,0.4,0.2,1.2,0.9,0.1,2.3,2,8.7
"23-01-2026 04:46:05",112,"006625","ZOOSMAN, YOVEL",27,"https://media-cdn.cortextech.io/c915eafa-19a3-43e0-a720-df6d2d444912.png","JER","JLM","Hapoel Jerusalem Basketball Club","https://media-cdn.incrowdsports.com/8058e0c5-3042-45e1-9423-f93f33c54576.png",14,14,25.2821428571429,8,1.4,2.6,"52.8%",1.6,3.7,"44.2%",0.4,0.6,"62.5%",0.8,3.1,3.9,1.4,1.1,1.1,0.2,0.1,2.1,1.1,8.7
"23-01-2026 04:46:05",113,"013911","LEWIS, MATT",27,"https://media-cdn.cortextech.io/048f2580-011f-435c-930a-d0508a680a3e.png","NIO","PAN","Panionios BC","https://media-cdn.cortextech.io/b29ffd81-917d-4cc9-bcbc-05d4a3b481c5.png",15,7,24.0933333333333,8.5,1.6,2.9,"54.5%",1.4,3.6,"38.9%",1.1,1.5,"69.6%",0.9,2.5,3.4,1.5,0.6,0.7,0.1,0.1,2.5,1.9,8.7
"23-01-2026 04:46:05",114,"007673","TRIFUNOVIC, UROS",25,"https://media-cdn.cortextech.io/46dde225-8c72-4091-8ff1-868f81df67aa.png","TTK","TTA","Turk Telekom Ankara","https://media-cdn.incrowdsports.com/4ba35608-54ca-4800-a59c-f2571e6f8e13.png",8,3,17.4583333333333,7.8,1.4,1.9,"73.3%",1.4,2.9,"47.8%",0.9,1.1,"77.8%",0.5,1.8,2.2,0.8,0.4,0.2,0,0.1,0.9,1,8.6
"23-01-2026 04:46:05",115,"008923","BOUTSIELE, JERRY",33,"https://media-cdn.cortextech.io/ca9c54d3-1fa1-47ec-baa0-dbe93f5bf429.png","BUD","BUD","KK Buducnost","https://media-cdn.incrowdsports.com/47161285-94b3-4266-9d23-b722e8600945.png",15,15,22.1577777777778,5.7,1.7,2.9,"56.8%",0,0,"0%",2.3,3.2,"72.9%",1.2,3.1,4.3,0.7,0.2,1.1,0.5,0.3,2.2,2.9,8.6
"23-01-2026 04:46:05",116,"013365","BROWN, VITTO",30,"https://media-cdn.cortextech.io/6de3c594-00fd-4ad5-aa95-505a5c2b11ca.png","BES","BJK","Besiktas Istanbul","https://media-cdn.cortextech.io/7d37b2d0-2a4a-4a86-bf2c-266bd8da7cac.png",15,5,21.3455555555556,9.8,1.6,2.9,"55.8%",1.6,3.6,"44.4%",1.8,2.5,"73%",1,2.1,3.1,1.2,0.5,1.5,0.4,0,2.4,1.4,8.5
"23-01-2026 04:46:05",117,"013902","LINDO, RICARDO",25,"https://media-cdn.cortextech.io/771ccee3-32a6-4187-8e90-8a3833763a93.png","BOU","JLB","JL Bourg","https://media-cdn.incrowdsports.com/d4225e1b-7c1b-4382-98d4-ca8511c64441.png",15,14,22.1444444444444,7.1,2.7,4.5,"61.2%",0.1,0.7,"18.2%",1.3,2,"63.3%",1.5,2.7,4.1,1,1,0.8,0.9,0.4,3.1,1.6,8.4
"23-01-2026 04:46:05",118,"013910","WATSON, NATE",27,"https://media-cdn.cortextech.io/54882b36-888e-4c4f-9fc9-37462570d3b7.png","NIO","PAN","Panionios BC","https://media-cdn.cortextech.io/b29ffd81-917d-4cc9-bcbc-05d4a3b481c5.png",15,13,20.4322222222222,8.6,3.5,6.1,"57.6%",0,0.1,"0%",1.5,2.3,"65.7%",1.5,2.7,4.3,0.7,0.5,1.1,0.6,0.3,3.5,2,8.3
"23-01-2026 04:46:05",119,"006180","KULBOKA, ARNOLDAS",27,"https://media-cdn.cortextech.io/90fa6f34-06d4-4dfd-a245-729d9abc5293.png","ARI","ARI","Aris Thessaloniki","https://media-cdn.cortextech.io/28be84d9-ad7e-43b3-8d8c-822bb76b8a9e.png",13,4,21.0294871794872,9.5,1.4,2.2,"62.1%",1.9,4.8,"39.7%",0.9,1.4,"66.7%",0.8,2.3,3.1,0.3,0.5,0.8,0.2,0.1,1.1,1,8.3
"23-01-2026 04:46:05",120,"005275","SIPAHI, KENAN",30,"https://media-cdn.cortextech.io/9565feed-e4eb-4cb5-95aa-f4bb7393689c.png","BAH","BKS","Bahcesehir Koleji Istanbul","https://media-cdn.incrowdsports.com/1d3274d8-da86-4d21-9e97-6810ab88babe.png",10,0,16.43,6,0.7,2.2,"31.8%",1.1,2.4,"45.8%",1.3,1.6,"81.2%",0.7,1.4,2.1,3.3,0.4,1.2,0,0.2,1.3,2.2,8.2
"23-01-2026 04:46:05",120,"012777","URBANIAK, JAKUB",22,"https://media-cdn.cortextech.io/98f7cfdc-8566-4bd3-95c0-8201b8846394.png","WRO","WKS","WKS Slask Wroclaw","https://media-cdn.incrowdsports.com/0415061b-5374-4a0d-bc04-8fcbc8ad0bb3.png",15,11,21.9833333333333,7.9,2.7,4.3,"62.5%",0.3,1.9,"17.9%",1.6,2.2,"72.7%",1.5,3.1,4.6,0.3,1,1.3,0.7,0.2,2.8,1.7,8.2
"23-01-2026 04:46:05",122,"013909","HALE, HUNTER",28,"https://media-cdn.cortextech.io/c23ade59-8fc4-4404-81bd-38edde758bb1.png","BAH","BKS","Bahcesehir Koleji Istanbul","https://media-cdn.incrowdsports.com/1d3274d8-da86-4d21-9e97-6810ab88babe.png",15,4,18.4588888888889,10.1,1.6,3.2,"50%",1.7,4.8,"34.7%",1.9,2.3,"82.9%",0.3,2.1,2.4,2.1,0.7,1.5,0.1,0.5,2.1,1.9,8.1
"23-01-2026 04:46:05",123,"003759","TESSITORI,  AMEDEO",31,"https://media-cdn.cortextech.io/d1229f03-6e75-4398-9f37-e7f878d4fa20.png","VNC","URV","Umana Reyer Venice","https://media-cdn.incrowdsports.com/104f5074-9f23-47da-a21f-f2078db8244c.png",15,1,13.3011111111111,6.1,2.1,4,"51.7%",0,0.5,"0%",1.9,3.2,"60.4%",1.5,2.7,4.1,0.9,0.3,0.8,0.6,0.2,2.5,3.1,7.9
"23-01-2026 04:46:05",124,"007729","KULLAMAE, KRISTIAN",26,"https://media-cdn.cortextech.io/deb840ef-fa0a-4e39-a936-2a1e7664eba6.png","LKB","LIE","Lietkabelis Panevezys ","https://media-cdn.cortextech.io/ffcb6e37-31f4-48f6-91c2-a8c9a6f791a9.png",15,11,27.7555555555556,11.7,2.5,5.3,"46.8%",2,5.9,"34.1%",0.7,0.9,"78.6%",0.3,2.7,3,3.1,1.3,2.6,0.1,0.3,2.9,1.3,7.9
"23-01-2026 04:46:05",125,"013261","LEMAR, BRYNTON",30,"https://media-cdn.cortextech.io/a990936a-c56b-42cd-bd46-f2cdeadd2681.png","BES","BJK","Besiktas Istanbul","https://media-cdn.cortextech.io/7d37b2d0-2a4a-4a86-bf2c-266bd8da7cac.png",13,0,19.5179487179487,9.3,1.5,3.2,"48.8%",1.3,3.2,"40.5%",2.3,2.8,"81.1%",0.7,1.1,1.8,2.2,0.5,1.1,0.1,0.6,2.7,2.5,7.8
"23-01-2026 04:46:05",126,"013894","BREWER, TY",25,"https://media-cdn.cortextech.io/0420bb4f-166c-4f08-8984-ec7f07b5b58e.png","NIN","NIN","NINERS Chemnitz","https://media-cdn.cortextech.io/75ae96be-69f9-4e48-b5bd-b1056842db57.png",12,6,26.0138888888889,8.4,1.3,2.3,"57.1%",1.5,5.8,"26.1%",1.2,1.8,"71.4%",1.1,2.6,3.7,0.8,1.4,0.5,0.2,0,2.3,1.8,7.8
"23-01-2026 04:46:05",127,"010461","MALDUNAS, GABRIELIUS",32,"https://media-cdn.cortextech.io/11b230d7-ea27-45cf-84a3-ae27c92f8c39.png","LKB","LIE","Lietkabelis Panevezys ","https://media-cdn.cortextech.io/ffcb6e37-31f4-48f6-91c2-a8c9a6f791a9.png",15,1,16.8966666666667,4.2,1.6,3.1,"51.1%",0,0,"0%",1,1.7,"57.7%",1.3,2.2,3.5,1.7,0.7,0.3,0.1,0.2,1.7,1.9,7.7
"23-01-2026 04:46:05",127,"012622","MITCHELL, MATTHEW",26,"https://media-cdn.cortextech.io/e4dcdc8b-c59a-426e-8605-116d19203045.png","BAH","BKS","Bahcesehir Koleji Istanbul","https://media-cdn.incrowdsports.com/1d3274d8-da86-4d21-9e97-6810ab88babe.png",15,11,22.03,7.7,1.9,3.5,"52.8%",0.5,1.8,"29.6%",2.4,3.3,"72%",0.6,2,2.6,1.4,1.2,1.1,0.1,0.1,3.1,2.8,7.7
"23-01-2026 04:46:05",129,"007917","DURMAZ, BERKAN",28,"https://media-cdn.cortextech.io/bdb7b2af-4d7a-4ee9-851c-491d75e9dc15.png","TTK","TTA","Turk Telekom Ankara","https://media-cdn.incrowdsports.com/4ba35608-54ca-4800-a59c-f2571e6f8e13.png",15,3,13.9444444444444,5.5,1.2,1.7,"69.2%",0.5,1.9,"28.6%",1.5,2.1,"68.8%",0.5,2.6,3.1,1.3,0.5,0.4,0.2,0.1,2.1,2,7.5
"23-01-2026 04:46:05",130,"005415","PENAVA, AJDIN",28,"https://media-cdn.cortextech.io/d12c4301-119a-41dd-b4d2-9e06edd8f0ce.png","WRO","WKS","WKS Slask Wroclaw","https://media-cdn.incrowdsports.com/0415061b-5374-4a0d-bc04-8fcbc8ad0bb3.png",13,2,14.1589743589744,7.8,1.9,3.6,"53.2%",0.7,1.2,"56.2%",1.8,2.5,"75%",1.2,1.7,2.9,0.5,0.5,0.7,0.4,0.4,2.6,1.9,7.5
"23-01-2026 04:46:05",131,"013905","SKAPINTSEV, DMYTRO",27,"https://media-cdn.cortextech.io/b7a5652c-08e6-4446-a8bd-3dbff1f2034d.png","JER","JLM","Hapoel Jerusalem Basketball Club","https://media-cdn.incrowdsports.com/8058e0c5-3042-45e1-9423-f93f33c54576.png",12,0,11.3847222222222,5.2,1.8,2.9,"62.9%",0.1,0.2,"50%",1.3,1.8,"72.7%",1.5,2.3,3.8,0.3,0.2,1.1,0.6,0.1,1.9,2,7.4
"23-01-2026 04:46:05",132,"013845","AKOBUNDU-EHIOGU, KAODIRICHI",26,"https://media-cdn.cortextech.io/35f8fde6-0d7e-44e2-8a4d-c240fd7c691c.png","MAN","MAN","BAXI Manresa","https://media-cdn.cortextech.io/a28053c7-ada4-47de-ae4c-888c1b3996b6.png",15,7,13.5711111111111,4.7,1.9,2.3,"82.4%",0,0.1,"0%",0.9,1.2,"77.8%",1.1,1.3,2.4,0.5,0.3,0.4,1.7,0.1,2.2,1.1,7.3
"23-01-2026 04:46:05",132,"011050","KOPRIVICA, BALSA",25,"https://media-cdn.cortextech.io/c6a7ff2f-a4da-4ac0-9a7c-3236f143336a.png","BAH","BKS","Bahcesehir Koleji Istanbul","https://media-cdn.incrowdsports.com/1d3274d8-da86-4d21-9e97-6810ab88babe.png",15,0,13.8355555555556,5.4,2.3,3.6,"63%",0,0.1,"0%",0.9,1.5,"59.1%",1.7,1.9,3.6,0.7,0.2,0.7,1.4,0.2,2.3,1.2,7.3
"23-01-2026 04:46:05",134,"014165","BREUNIG, MARTIN",33,"https://media-cdn.cortextech.io/5c21af9c-2b0f-454a-a5ad-bc206627f812.png","HAM","HAM","Hamburg Towers","https://media-cdn.incrowdsports.com/5ef8be01-ad71-42c2-aa02-d5c7a9495258.png",10,5,19.06,7,2.4,4.6,"52.2%",0.3,0.7,"42.9%",1.3,2.3,"56.5%",1.5,2,3.5,2.2,0.4,1.4,0.3,0.3,2.7,1.7,7.1
"23-01-2026 04:46:05",135,"005024","GIRDZIUNAS, MINDAUGAS",36,"https://media-cdn.cortextech.io/e4c99d99-0ccf-4839-85ad-dfb5c513dea7.png","KLA","NEP","Neptunas Klaipeda","https://media-cdn.cortextech.io/ed0df5cd-c9e4-4387-bcd4-3606270cd255.png",15,1,18.8477777777778,8.8,0.8,2.1,"37.5%",1.8,4.2,"42.9%",1.8,1.9,"93.1%",0.5,0.8,1.3,1.2,0.6,0.7,0,0.2,2,1.9,6.9
"23-01-2026 04:46:05",136,"007914","ARSLAN, YIGIT",29,"https://media-cdn.cortextech.io/1d14fb49-4cc6-4e34-9181-cc092a0d4570.png","BES","BJK","Besiktas Istanbul","https://media-cdn.cortextech.io/7d37b2d0-2a4a-4a86-bf2c-266bd8da7cac.png",14,3,20.2392857142857,7.6,0.9,2.1,"43.3%",1.6,4.2,"39%",0.9,1,"85.7%",0.6,2,2.6,1.4,0.8,0.4,0.1,0.2,1.9,0.9,6.9
"23-01-2026 04:46:05",137,"010546","MOULARE, ASSEMIAN",22,"https://media-cdn.cortextech.io/9b2e27c6-ce5e-49cc-ad34-bb1df523556d.png","BOU","JLB","JL Bourg","https://media-cdn.incrowdsports.com/d4225e1b-7c1b-4382-98d4-ca8511c64441.png",15,0,18.1911111111111,7.4,1.9,4.1,"46.8%",0.7,2.8,"26.2%",1.3,1.9,"71.4%",0.5,1.5,2,1.3,0.5,0.7,0.1,0.2,1.5,2.3,6.5
"23-01-2026 04:46:05",138,"007921","CANDI, LEONARDO",28,"https://media-cdn.cortextech.io/29776c41-e607-428f-831b-e8d80eea2858.png","VNC","URV","Umana Reyer Venice","https://media-cdn.incrowdsports.com/104f5074-9f23-47da-a21f-f2078db8244c.png",15,0,17.8244444444444,5.8,0.9,1.6,"58.3%",1,2.8,"35.7%",0.9,1.3,"70%",0.1,1.4,1.5,2.5,0.9,1.1,0.1,0.1,2.5,2.1,6.3
"23-01-2026 04:46:05",139,"003452","BLAZIC, JAKA",35,"https://media-cdn.cortextech.io/6e7e920c-a98e-4b6b-817d-37484e56d0b4.png","LJU","COL","KK Cedevita Olimpija","https://media-cdn.incrowdsports.com/73b33d13-570e-4e49-a9cb-fe806831eaa7.png",15,10,18.2866666666667,6.1,1.3,2.3,"54.3%",0.7,2.3,"29.4%",1.5,2.1,"71.9%",1.1,1.8,2.9,1.2,0.5,0.9,0,0.2,2.2,2.1,6.2
"23-01-2026 04:46:05",140,"013271","MAWUGBE, SELOM",27,"https://media-cdn.cortextech.io/79ed8fdb-8a1e-44e8-a029-89346606551f.png","TRN","TRE","Dolomiti Energia Trento","https://media-cdn.incrowdsports.com/00c5cc07-732c-43c3-9d6e-5440594a25f8.png",12,10,17.6236111111111,4,1.5,2.3,"64.3%",0,0,"0%",1,1.8,"54.5%",1.9,2.7,4.6,0.5,0.4,1.2,0.6,0,3.8,2.5,6
"23-01-2026 04:46:05",141,"005478","WIMBERG, NIKLAS",29,"https://media-cdn.cortextech.io/cf65c63c-2bc9-4656-be33-2c80c26de06f.png","HAM","HAM","Hamburg Towers","https://media-cdn.incrowdsports.com/5ef8be01-ad71-42c2-aa02-d5c7a9495258.png",11,9,23.3121212121212,6.3,1.6,4,"40.9%",0.8,3.3,"25%",0.5,0.5,"100%",0.9,2.4,3.3,1.5,1.1,1.5,0.9,0.2,1.5,0.9,5.9
"23-01-2026 04:46:05",142,"009180","SCHOORMANN, LEN",23,"https://media-cdn.cortextech.io/93bdd609-1596-414c-92a9-38155e69d6c4.png","ULM","ULM","ratiopharm ulm","https://media-cdn.cortextech.io/5750bc8b-dd63-48e4-8586-10d4e5e2b4e2.png",9,4,17.9722222222222,6,1.9,3,"63%",0.3,1,"33.3%",1.2,1.4,"84.6%",0.8,0.9,1.7,0.8,1,1.6,0,0.4,1.4,1.7,5.7
"23-01-2026 04:46:05",143,"013933","EDLER DAVIS, JUSTIN",27,"https://media-cdn.cortextech.io/fe58b55f-558b-487a-84be-60d5218bc449.png","HAM","HAM","Hamburg Towers","https://media-cdn.incrowdsports.com/5ef8be01-ad71-42c2-aa02-d5c7a9495258.png",8,2,19.23125,8.5,1,3,"33.3%",1.4,5.2,"26.2%",2.4,2.8,"86.4%",1.9,2.6,4.5,0.8,0.2,0.8,0,0.2,2.8,1.6,5.6
"23-01-2026 04:46:05",144,"003240","BOCHORIDIS, ELEFTHERIOS",31,"https://media-cdn.cortextech.io/d3ed0fc3-8d16-4e44-99b6-29dbb772ef4e.png","ARI","ARI","Aris Thessaloniki","https://media-cdn.cortextech.io/28be84d9-ad7e-43b3-8d8c-822bb76b8a9e.png",13,4,17.9923076923077,4.9,1.1,2,"53.8%",0.6,1.4,"44.4%",0.9,1.2,"75%",0.9,1.9,2.8,1.8,0.5,1.1,0.2,0.2,2.9,1.6,5.6
"23-01-2026 04:46:05",145,"011317","STARKS , MARKEL",34,"https://media-cdn.cortextech.io/f553493c-0203-4249-a87b-c69b0a821fba.png","NIO","PAN","Panionios BC","https://media-cdn.cortextech.io/b29ffd81-917d-4cc9-bcbc-05d4a3b481c5.png",14,11,25.2940476190476,7.1,1.5,4.1,"36.8%",1.1,3.8,"28.3%",0.9,1,"85.7%",0.1,1.7,1.8,4.8,0.6,2.9,0,0.4,1.4,1.4,5.6
"23-01-2026 04:46:05",146,"009898","BICKAUSKIS, DOVIS",32,"https://media-cdn.cortextech.io/757d1966-52d9-44b8-9d51-71194e64bb96.png","LKB","LIE","Lietkabelis Panevezys ","https://media-cdn.cortextech.io/ffcb6e37-31f4-48f6-91c2-a8c9a6f791a9.png",12,6,16.9097222222222,5.5,0.6,2,"29.2%",0.9,1.9,"47.8%",1.6,2.1,"76%",0.2,1.5,1.8,1.7,0.6,0.9,0.1,0.2,2.7,2.7,5.5
"23-01-2026 04:46:05",147,"012023","PAPAS, GEORGE",27,"https://media-cdn.cortextech.io/90b2cd12-0e46-430f-9c4a-da226099a5fc.png","NIO","PAN","Panionios BC","https://media-cdn.cortextech.io/b29ffd81-917d-4cc9-bcbc-05d4a3b481c5.png",9,3,17.3907407407407,6.2,0.8,1.3,"58.3%",1.1,3.9,"28.6%",1.3,1.4,"92.3%",0.8,1.2,2,1,0.4,0.9,0.1,0,1.6,1.4,5.3
"23-01-2026 04:46:05",148,"013898","MITCHELL, VINCENT",25,"https://media-cdn.cortextech.io/a588ae5b-7be1-4848-85a2-1ce76fb9ee78.png","BOU","JLB","JL Bourg","https://media-cdn.incrowdsports.com/d4225e1b-7c1b-4382-98d4-ca8511c64441.png",13,1,16.8153846153846,5.7,1.6,2.8,"58.3%",0.4,1.9,"20%",1.3,1.7,"77.3%",1.1,2,3.1,1.1,0.4,1,0.5,0,3.2,1.8,5.3
"23-01-2026 04:46:05",149,"013904","HUBER, ROI",28,"https://media-cdn.cortextech.io/50f2857c-fd87-4d80-b8ad-79cc57889af9.png","JER","JLM","Hapoel Jerusalem Basketball Club","https://media-cdn.incrowdsports.com/8058e0c5-3042-45e1-9423-f93f33c54576.png",13,0,10.9320512820513,4.5,0.6,0.9,"66.7%",0.8,1.8,"45.8%",0.8,1,"76.9%",0.2,1,1.2,1.8,0.2,0.8,0,0,0.5,0.5,5.2
"23-01-2026 04:46:05",150,"014174","NUNEZ, ANGEL",34,"https://media-cdn.cortextech.io/0fdfda94-c6a8-4f63-8a31-957a1110b6c9.png","WRO","WKS","WKS Slask Wroclaw","https://media-cdn.incrowdsports.com/0415061b-5374-4a0d-bc04-8fcbc8ad0bb3.png",8,3,21.9833333333333,7.5,1.4,2.6,"52.4%",1.4,4,"34.4%",0.6,1,"62.5%",0.4,2.8,3.1,0.5,0.6,0.9,0.4,0,2.6,0.8,5.1
"23-01-2026 04:46:05",151,"011931","MORRIS, JAMEL",33,"https://media-cdn.cortextech.io/0afec6bc-7878-44ca-9afb-a2aa1f5f3d89.png","LKB","LIE","Lietkabelis Panevezys ","https://media-cdn.cortextech.io/ffcb6e37-31f4-48f6-91c2-a8c9a6f791a9.png",13,7,25.9346153846154,12.8,1.9,5.4,"35.7%",2.3,6.1,"38%",2.1,2.8,"73%",0,1.5,1.5,2.1,0.3,3,0,0.4,2.7,2.5,5.1
"23-01-2026 04:46:05",152,"011239","ENOCH, STEVEN",28,"https://media-cdn.cortextech.io/0d3a703d-6560-45ba-9d02-159bd0880d08.png","ARI","ARI","Aris Thessaloniki","https://media-cdn.cortextech.io/28be84d9-ad7e-43b3-8d8c-822bb76b8a9e.png",14,9,17.2738095238095,5.9,2.1,3.8,"56.6%",0.1,0.4,"20%",1.4,2,"71.4%",1.3,2,3.3,0.4,0.4,1.7,0.3,0.1,2.7,1.8,5.1
"23-01-2026 04:46:05",153,"012630","MAGEE, FLETCHER",29,"https://media-cdn.cortextech.io/db107d82-1a19-45e2-b69c-a26574d7fc69.png","BUD","BUD","KK Buducnost","https://media-cdn.incrowdsports.com/47161285-94b3-4266-9d23-b722e8600945.png",12,0,13.3680555555556,7.3,0.7,1.4,"47.1%",1.7,3.7,"45.5%",1,1,"100%",0.2,0.8,0.9,0.7,0.2,0.7,0,0.1,1.9,1.3,5
"23-01-2026 04:46:05",154,"006634","MUSHIDI, KOSTJA",27,"https://media-cdn.cortextech.io/ba0a11d9-1974-4a0d-b4e6-3a1803581e5d.png","NIN","NIN","NINERS Chemnitz","https://media-cdn.cortextech.io/75ae96be-69f9-4e48-b5bd-b1056842db57.png",14,6,16.7654761904762,6.4,1.6,2.4,"64.7%",0.8,2.5,"31.4%",0.9,1.3,"66.7%",0.6,1.1,1.8,1.3,0.3,0.9,0.3,0.1,2.1,1.1,4.9
"23-01-2026 04:46:05",155,"014099","RAI, AARYN",27,"https://media-cdn.cortextech.io/da2cb0b3-7142-4d52-aa6c-3f05f84e6545.png","LLI","LDN","London Lions","https://media-cdn.cortextech.io/102de468-9e41-4b8e-b44d-23bebb9e916f.png",15,9,21.3422222222222,4.4,1.5,2.7,"53.7%",0.3,1.1,"23.5%",0.7,0.9,"71.4%",1.3,1.9,3.1,1.3,0.6,0.9,0.1,0,2.3,0.7,4.7
"23-01-2026 04:46:05",156,"013848","STEINBERGS, MARCIS",24,"https://media-cdn.cortextech.io/dfaa13c6-8c6c-44af-83aa-a211765872aa.png","MAN","MAN","BAXI Manresa","https://media-cdn.cortextech.io/a28053c7-ada4-47de-ae4c-888c1b3996b6.png",15,10,20.9033333333333,6.3,0.9,1.3,"65%",1.2,4.4,"27.3%",0.9,1.4,"66.7%",1.1,2.1,3.2,0.7,0.3,1.1,0.1,0.1,1.7,1.1,4.6
"23-01-2026 04:46:05",157,"013925","COLEMAN -JONES, JARED",25,"https://media-cdn.cortextech.io/ba36e9c5-129b-48bc-8d3b-c914689cfbc7.png","WRO","WKS","WKS Slask Wroclaw","https://media-cdn.incrowdsports.com/0415061b-5374-4a0d-bc04-8fcbc8ad0bb3.png",14,6,14.4357142857143,4.6,1.1,2.6,"44.4%",0.6,1.3,"44.4%",0.6,1.1,"50%",0.9,2.5,3.4,0.5,0.1,0.9,0.4,0.1,1.8,1,4.5
"23-01-2026 04:46:05",157,"013864","MUTIC, LAZAR",26,"https://media-cdn.cortextech.io/d71392b0-1f1c-4600-a6cb-172423fbb777.png","LKB","LIE","Lietkabelis Panevezys ","https://media-cdn.cortextech.io/ffcb6e37-31f4-48f6-91c2-a8c9a6f791a9.png",14,13,21.1047619047619,5.3,1.4,3.1,"45.5%",0.6,1.5,"38.1%",0.7,1.1,"62.5%",1.4,2.7,4.1,0.8,0.4,1.3,0.1,0.3,3,1.5,4.5
"23-01-2026 04:46:05",159,"006154","BERUCKA, ARNAS",28,"https://media-cdn.cortextech.io/77a072a2-694e-43dd-ac5a-c1c99458cfd8.png","KLA","NEP","Neptunas Klaipeda","https://media-cdn.cortextech.io/ed0df5cd-c9e4-4387-bcd4-3606270cd255.png",15,7,19.1788888888889,5.3,0.7,1.9,"39.3%",0.9,2.7,"35%",1,1.3,"75%",0.9,1.1,2,0.7,0.9,0.3,0.2,0.3,2.5,1.6,4.4
"23-01-2026 04:46:05",160,"003242","OGBE, KENNETH",31,"https://media-cdn.cortextech.io/8c6ed3ac-2186-4048-94fc-ad1dec2efbf7.png","HAM","HAM","Hamburg Towers","https://media-cdn.incrowdsports.com/5ef8be01-ad71-42c2-aa02-d5c7a9495258.png",14,5,20.9071428571429,6.2,1.1,2,"53.6%",0.8,2.8,"28.2%",1.7,2.5,"68.6%",0.6,1.4,2,1.3,0.7,1.8,0,0.1,3.4,3.1,4.4
"23-01-2026 04:46:05",161,"013856","GIRARD III, JOSEPH",25,"https://media-cdn.cortextech.io/44c3e441-0c60-4898-90db-07b51a963e45.png","LJU","COL","KK Cedevita Olimpija","https://media-cdn.incrowdsports.com/73b33d13-570e-4e49-a9cb-fe806831eaa7.png",14,1,15.2678571428571,7,0.9,2.1,"41.4%",1.5,3.9,"38.9%",0.8,0.9,"91.7%",0.4,0.9,1.3,1.3,0.7,1.1,0,0.4,2.1,1.1,4.3
"23-01-2026 04:46:05",162,"008103","MARONKA, ZSOMBOR",23,"https://media-cdn.cortextech.io/8199aa67-485c-4d39-a554-08e3318ef1cc.png","HAM","HAM","Hamburg Towers","https://media-cdn.incrowdsports.com/5ef8be01-ad71-42c2-aa02-d5c7a9495258.png",12,3,17.7555555555556,5.4,1,2,"50%",0.9,2.9,"31.4%",0.7,1,"66.7%",0.8,2.3,3.1,1,0.2,0.9,0.2,0.2,2.1,0.8,4.2
"23-01-2026 04:46:05",163,"013247","KOVLIAR, OLEKSANDR",23,"https://media-cdn.cortextech.io/3f4271b7-90ad-4a35-b50a-27ef4d55ecc5.png","BUD","BUD","KK Buducnost","https://media-cdn.incrowdsports.com/47161285-94b3-4266-9d23-b722e8600945.png",14,2,15.6083333333333,5.3,0.9,2.1,"43.3%",0.7,2.1,"33.3%",1.3,1.8,"72%",0.1,0.9,1,1.7,0.8,1.2,0.1,0.1,2.4,2.1,4.1
"23-01-2026 04:46:05",164,"013892","KAJAMI-KEANE, KAZA",31,"https://media-cdn.cortextech.io/8acd4677-59ac-4844-be65-f312eaf2cff9.png","NIN","NIN","NINERS Chemnitz","https://media-cdn.cortextech.io/75ae96be-69f9-4e48-b5bd-b1056842db57.png",10,2,16.1383333333333,5.1,0.7,2.4,"29.2%",0.9,3.5,"25.7%",1,1.4,"71.4%",0.9,1.2,2.1,3.7,0.6,1.8,0,0.4,2.1,1.6,4.1
"23-01-2026 04:46:05",165,"014038","FORESTER, JAKOB DWIGHT",26,"https://media-cdn.cortextech.io/ee8a2532-3a8b-4b04-becb-0ab3701b8443.png","ARI","ARI","Aris Thessaloniki","https://media-cdn.cortextech.io/28be84d9-ad7e-43b3-8d8c-822bb76b8a9e.png",15,5,14.5122222222222,4.7,2,3.5,"57.7%",0,0,"0%",0.7,1.2,"61.1%",1.7,1.5,3.3,0.1,0.2,1.5,0.7,0.3,3.1,1.6,3.8
"23-01-2026 04:46:05",166,"006158","LUKOSIUNAS, KAROLIS",28,"https://media-cdn.cortextech.io/231bf007-4a03-4e84-9f8b-a05a5acddc56.png","LLI","LDN","London Lions","https://media-cdn.cortextech.io/102de468-9e41-4b8e-b44d-23bebb9e916f.png",14,2,17.5619047619048,6.6,0.3,0.6,"44.4%",1.9,4.7,"39.4%",0.4,0.7,"60%",0.6,1,1.6,0.9,0.7,0.7,0,0.1,2.6,0.9,3.8
"23-01-2026 04:46:05",167,"011080","GKIKAS, NIKOS",35,"https://media-cdn.cortextech.io/2aaf5ac8-1c98-4b78-bcb0-116869e126da.png","NIO","PAN","Panionios BC","https://media-cdn.cortextech.io/b29ffd81-917d-4cc9-bcbc-05d4a3b481c5.png",8,2,16.6291666666667,1.9,0.2,1,"25%",0.2,2,"12.5%",0.6,0.8,"83.3%",0,1.5,1.5,4.6,0.6,2.1,0,0,2.5,2.2,3.6
"23-01-2026 04:46:05",168,"013957","FORBES, BRYN",32,"https://media-cdn.cortextech.io/39ef9865-f6ad-4ffc-b4e4-2928790d3baf.png","ARI","ARI","Aris Thessaloniki","https://media-cdn.cortextech.io/28be84d9-ad7e-43b3-8d8c-822bb76b8a9e.png",10,4,19.2383333333333,6.1,1,2.3,"43.5%",0.7,3.1,"22.6%",2,2.6,"76.9%",0.1,0.9,1,0.5,0.3,1,0,0.2,0.6,1.8,3.6
"23-01-2026 04:46:05",169,"011801","RICHARD, PATRICK",35,"https://media-cdn.cortextech.io/17f0e0b8-e2d8-432b-8444-646a4425dc89.png","CLU","UBT","U-BT Cluj-Napoca","https://media-cdn.incrowdsports.com/ae3e2844-0615-41bb-a788-a4f0d54b8d5e.png",14,2,16.9964285714286,4.3,0.4,0.9,"46.2%",1,3.4,"29.2%",0.4,0.4,"100%",0.4,1.2,1.6,2.4,0.4,1.1,0.2,0.1,1.5,0.2,3.4
"23-01-2026 04:46:05",170,"013918","KULIKOWSKI, BLAZEJ",24,"https://media-cdn.cortextech.io/da64afc1-55a6-49de-a002-8a1579aa7d49.png","WRO","WKS","WKS Slask Wroclaw","https://media-cdn.incrowdsports.com/0415061b-5374-4a0d-bc04-8fcbc8ad0bb3.png",15,1,16.9411111111111,4.4,0.3,0.6,"44.4%",1.1,3.3,"34%",0.5,0.6,"77.8%",0.4,1.3,1.7,0.8,0.1,0.2,0,0.1,1.5,0.9,3.4
"23-01-2026 04:46:05",171,"008278","BAS, GOKTUG",24,"https://media-cdn.cortextech.io/948ebee4-9762-4d60-aebd-7210111c2d3c.png","BAH","BKS","Bahcesehir Koleji Istanbul","https://media-cdn.incrowdsports.com/1d3274d8-da86-4d21-9e97-6810ab88babe.png",10,0,9.01333333333333,2.8,1.1,1.5,"73.3%",0.1,0.8,"12.5%",0.3,0.6,"50%",1.5,0.6,2.1,0.6,0.6,0.4,0.1,0,1.7,0.5,3.2
"23-01-2026 04:46:05",172,"014030","BATTLE, KHALIF",25,"https://media-cdn.cortextech.io/c7c9bb2a-2792-418c-bf76-477b06e6e031.png","TRN","TRE","Dolomiti Energia Trento","https://media-cdn.incrowdsports.com/00c5cc07-732c-43c3-9d6e-5440594a25f8.png",10,4,22.4583333333333,9,1.8,4.9,"36.7%",0.9,4.1,"22%",2.7,2.9,"93.1%",0.4,1.7,2.1,1.1,0.8,1.9,0.1,0.5,3.3,2.2,3.1
"23-01-2026 04:46:05",173,"001694","KULVIETIS, SAULIUS",34,"https://media-cdn.cortextech.io/c3ed2acb-561b-43a9-81f3-4501588647bb.png","CLU","UBT","U-BT Cluj-Napoca","https://media-cdn.incrowdsports.com/ae3e2844-0615-41bb-a788-a4f0d54b8d5e.png",12,4,11.3222222222222,4.8,0.3,0.7,"50%",1.2,2.5,"50%",0.3,0.4,"80%",0.3,0.7,1,0.9,0.2,0.5,0,0,1.9,0.3,3.1
"23-01-2026 04:46:05",174,"014135","PRICE, ETHAN",24,"https://media-cdn.cortextech.io/577d4c7e-21ca-4606-aa22-760feb1ba367.png","LLI","LDN","London Lions","https://media-cdn.cortextech.io/102de468-9e41-4b8e-b44d-23bebb9e916f.png",13,2,10.2564102564103,3.6,1.1,1.6,"66.7%",0.3,1.2,"26.7%",0.5,0.5,"100%",0.8,1.2,2.1,0.5,0.2,0.6,0.4,0.2,2.3,0.8,3.1
"23-01-2026 04:46:05",175,"007768","LEVI, NIMROD",30,"https://media-cdn.cortextech.io/464f29df-8636-458a-a169-1e0efc955c36.png","JER","JLM","Hapoel Jerusalem Basketball Club","https://media-cdn.incrowdsports.com/8058e0c5-3042-45e1-9423-f93f33c54576.png",8,4,13.24375,3.8,1.1,2.2,"50%",0.5,1.5,"33.3%",0,0,"0%",0.5,2.4,2.9,0.4,0.2,0.6,0,0.1,1.9,0.5,3
"23-01-2026 04:46:05",175,"013901","MBAYA, YVANN",24,"https://media-cdn.cortextech.io/cdce6f61-351c-4aaf-961f-f9172dc85aba.png","BOU","JLB","JL Bourg","https://media-cdn.incrowdsports.com/d4225e1b-7c1b-4382-98d4-ca8511c64441.png",12,0,9.34722222222222,2.6,1,1.8,"57.1%",0,0,"0%",0.6,0.9,"63.6%",0.7,1.7,2.3,0.3,0.5,0.6,0,0.2,1.6,0.8,3
"23-01-2026 04:46:05",177,"012405","HALTALI, FURKAN",23,"https://media-cdn.cortextech.io/7af94f1f-3111-45ab-857e-b803a5187de3.png","BAH","BKS","Bahcesehir Koleji Istanbul","https://media-cdn.incrowdsports.com/1d3274d8-da86-4d21-9e97-6810ab88babe.png",10,0,5.1,2.1,0.8,1,"80%",0,0,"0%",0.5,0.9,"55.6%",0.6,0.6,1.2,0.4,0,0.4,0.3,0,0.9,0.8,2.9
"23-01-2026 04:46:05",178,"001057","PEREZ, DANI",35,"https://media-cdn.cortextech.io/759d72a4-0b62-4c20-a159-4b22ed70db44.png","MAN","MAN","BAXI Manresa","https://media-cdn.cortextech.io/a28053c7-ada4-47de-ae4c-888c1b3996b6.png",9,3,15.2166666666667,3,0.7,2.4,"27.3%",0.4,2.4,"18.2%",0.3,0.7,"50%",1,1.1,2.1,5.3,0.8,2.1,0,0.2,3.6,1.7,2.9
"23-01-2026 04:46:05",179,"012602","ANIGBATA , ALEC",21,"https://media-cdn.cortextech.io/6f5f7eb1-a162-4df6-9965-39846c5d3fae.png","ULM","ULM","ratiopharm ulm","https://media-cdn.cortextech.io/5750bc8b-dd63-48e4-8586-10d4e5e2b4e2.png",13,4,13.1782051282051,3.8,0.5,1.4,"38.9%",0.5,1.1,"42.9%",1.4,1.8,"78.3%",0.7,0.8,1.5,0.2,0.2,0.7,0.3,0.2,1.7,1.2,2.8
"23-01-2026 04:46:05",180,"009392","RADOVIC, ROK",24,"https://media-cdn.cortextech.io/0db71f72-6164-48b5-bc8b-bf9be97578df.png","LJU","COL","KK Cedevita Olimpija","https://media-cdn.incrowdsports.com/73b33d13-570e-4e49-a9cb-fe806831eaa7.png",12,3,19.5583333333333,3.7,0.8,2.3,"35.7%",0.3,1.3,"25%",1,1.2,"85.7%",1.2,1.8,2.9,0.5,0.7,0.6,0.1,0.2,2.7,1.1,2.8
"23-01-2026 04:46:05",181,"012115","GARAVAGLIA, DIEGO",18,"https://media-cdn.cortextech.io/3e27e17c-c18f-4705-bcb8-d5f7754f427a.png","ULM","ULM","ratiopharm ulm","https://media-cdn.cortextech.io/5750bc8b-dd63-48e4-8586-10d4e5e2b4e2.png",15,4,14.31,3.5,0.9,1.6,"58.3%",0.3,0.9,"28.6%",0.8,1,"80%",0.6,0.7,1.3,0.5,0.5,0.5,0.4,0.1,2.3,1,2.8
"23-01-2026 04:46:05",181,"013854","THOMPSON, JAMES",30,"https://media-cdn.cortextech.io/3cd461c2-67b5-4d26-8e51-3ea89401cdf4.png","BUD","BUD","KK Buducnost","https://media-cdn.incrowdsports.com/47161285-94b3-4266-9d23-b722e8600945.png",10,0,14.505,4.2,1.7,2.9,"58.6%",0,0,"0%",0.8,1.8,"44.4%",1.3,1.9,3.2,0.3,0.2,1.2,0,0,3.4,1.7,2.8
"23-01-2026 04:46:05",183,"006571","LEVER, ALESSANDRO",27,"https://media-cdn.cortextech.io/59e1f236-4e6d-4d40-80a9-f2b9a3431468.png","VNC","URV","Umana Reyer Venice","https://media-cdn.incrowdsports.com/104f5074-9f23-47da-a21f-f2078db8244c.png",13,0,8.47435897435897,4.7,1.4,1.8,"78.3%",0.4,1.2,"31.2%",0.8,1.1,"71.4%",0.1,0.8,0.8,0.3,0.1,0.5,0.1,0.2,1.7,0.6,2.8
"23-01-2026 04:46:05",184,"006546","TAYLOR, JEFFERY",36,"https://media-cdn.cortextech.io/900e0281-8293-403f-a89d-3c52b99e5df7.png","CLU","UBT","U-BT Cluj-Napoca","https://media-cdn.incrowdsports.com/ae3e2844-0615-41bb-a788-a4f0d54b8d5e.png",12,6,20.1138888888889,2.9,0.8,1.5,"50%",0.3,2.1,"16%",0.4,0.8,"50%",0.9,1.8,2.8,1.5,1.1,0.8,0.3,0.3,3.2,1.2,2.7
"23-01-2026 04:46:05",185,"007437","GONTIKAS, KONSTANTINOS",31,"https://media-cdn.cortextech.io/5f3e8a64-5416-4e96-87e3-88161c74cfcd.png","NIO","PAN","Panionios BC","https://media-cdn.cortextech.io/b29ffd81-917d-4cc9-bcbc-05d4a3b481c5.png",10,1,13.29,4.1,1.1,2.6,"42.3%",0,0,"0%",1.9,2.7,"70.4%",1,0.8,1.8,0.4,0.3,0.9,0.1,0.5,2.4,2,2.6
"23-01-2026 04:46:05",186,"013756","NIANG, CHEICKH",17,"https://media-cdn.cortextech.io/a4609238-373a-4c9f-9548-dde525b4ddca.png","TRN","TRE","Dolomiti Energia Trento","https://media-cdn.incrowdsports.com/00c5cc07-732c-43c3-9d6e-5440594a25f8.png",13,1,17.0269230769231,7.1,1.5,2.9,"52.6%",0.9,3.2,"28.6%",1.2,2.8,"44.4%",0.2,1.2,1.5,0.5,0.5,1.3,0.2,0.2,2.2,1.8,2.5
"23-01-2026 04:46:05",187,"012030","CLEARY, HARRISON",28,"https://media-cdn.cortextech.io/c75acbbd-4b6e-4eaf-bf2a-3da6d9b6a7a8.png","KLA","NEP","Neptunas Klaipeda","https://media-cdn.cortextech.io/ed0df5cd-c9e4-4387-bcd4-3606270cd255.png",15,4,15.5888888888889,6.3,0.8,2.4,"33.3%",1.1,3.1,"37%",1.3,1.4,"95.2%",0.1,0.5,0.6,1.2,0.3,0.9,0.1,0.3,2.8,1.6,2.4
"23-01-2026 04:46:05",188,"006006","TURUDIC, BENEDIKT",28,"https://media-cdn.cortextech.io/2602f0b7-5e20-4c89-b6a9-8b6d5c2a842a.png","HAM","HAM","Hamburg Towers","https://media-cdn.incrowdsports.com/5ef8be01-ad71-42c2-aa02-d5c7a9495258.png",14,1,11.3952380952381,2.7,1,2.1,"48.3%",0,0,"0%",0.7,1.4,"50%",0.7,1.9,2.6,1.1,0.4,1.4,0.1,0.6,2.4,1.6,2.4
"23-01-2026 04:46:05",189,"013846","GASPA, MAX",19,"https://media-cdn.cortextech.io/8a60a2d9-9df8-4172-96d8-6c3627360d23.png","MAN","MAN","BAXI Manresa","https://media-cdn.cortextech.io/a28053c7-ada4-47de-ae4c-888c1b3996b6.png",10,2,11.305,3.8,0.8,2.1,"38.1%",0.4,1.4,"28.6%",1,1.2,"83.3%",0.5,1,1.5,1.6,0.4,0.7,0,0.2,3,1.4,2.3
"23-01-2026 04:46:05",190,"012289","AIRHIENBUWA, THEO",19,"https://media-cdn.cortextech.io/7c5bf0e3-23a9-4a08-9d47-c4ae5662887a.png","TRN","TRE","Dolomiti Energia Trento","https://media-cdn.incrowdsports.com/00c5cc07-732c-43c3-9d6e-5440594a25f8.png",9,2,6.74074074074074,1.7,0.4,0.8,"57.1%",0.1,0.4,"25%",0.4,0.7,"66.7%",0.3,0.6,0.9,0.1,0.4,0.1,0,0.1,0.9,1.1,2.2
"23-01-2026 04:46:05",191,"013906","JAMES, JOSIAH-JORDAN",25,"https://media-cdn.cortextech.io/31bcaae2-9293-45d3-a8f1-413d0adee69b.png","JER","JLM","Hapoel Jerusalem Basketball Club","https://media-cdn.incrowdsports.com/8058e0c5-3042-45e1-9423-f93f33c54576.png",15,6,19.0011111111111,2.9,0.6,0.9,"64.3%",0.5,2,"23.3%",0.3,0.5,"71.4%",0.6,1.7,2.3,0.7,0.5,0.3,0.1,0.1,2.5,0.4,2.1
"23-01-2026 04:46:05",192,"004056","AKPINAR, ISMET",30,"https://media-cdn.cortextech.io/eddcba30-cc4f-45e5-bebc-74c170ed48b1.png","BAH","BKS","Bahcesehir Koleji Istanbul","https://media-cdn.incrowdsports.com/1d3274d8-da86-4d21-9e97-6810ab88babe.png",12,1,9.93333333333333,3.6,0.5,0.7,"75%",0.8,2.3,"32.1%",0.3,0.4,"80%",0.2,0.3,0.5,0.2,0.2,0.1,0,0,1.2,0.6,2
"23-01-2026 04:46:05",192,"006382","FORRAY, TOTO",39,"https://media-cdn.cortextech.io/a59c6b19-e709-4fb8-85ea-0157fe1f62ee.png","TRN","TRE","Dolomiti Energia Trento","https://media-cdn.incrowdsports.com/00c5cc07-732c-43c3-9d6e-5440594a25f8.png",9,0,10.8388888888889,1.9,0.6,1.2,"45.5%",0.2,1.1,"20%",0.1,0.2,"50%",0.6,0.9,1.4,0.8,0.4,0.3,0,0,1.6,1,2
"23-01-2026 04:46:05",192,"013923","KAHRAMAN, ATA",26,"https://media-cdn.cortextech.io/421d90c3-f0f9-43fd-b1ab-13f7df3c2ea0.png","TTK","TTA","Turk Telekom Ankara","https://media-cdn.incrowdsports.com/4ba35608-54ca-4800-a59c-f2571e6f8e13.png",9,1,9.89259259259259,3,0.3,0.7,"50%",0.7,1.6,"42.9%",0.3,0.7,"50%",0.2,1.2,1.4,0.4,0.6,0.8,0.1,0,1.9,0.7,2
"23-01-2026 04:46:05",195,"011545","DIAKITE, MOHAMED",19,"https://media-cdn.cortextech.io/3fc44d04-4c9c-400e-abbd-2379bb9554df.png","ULM","ULM","ratiopharm ulm","https://media-cdn.cortextech.io/5750bc8b-dd63-48e4-8586-10d4e5e2b4e2.png",14,1,9.08690476190476,3.1,0.6,1.4,"40%",0.6,1.2,"47.1%",0.2,0.4,"60%",0.3,1.1,1.4,0.2,0.2,0.5,0.3,0.1,1.6,0.6,1.9
"23-01-2026 04:46:05",196,"014096","ADAMU, AMIN",28,"https://media-cdn.cortextech.io/cccb2693-6575-4ab3-b161-c37aa1f3bd83.png","LLI","LDN","London Lions","https://media-cdn.cortextech.io/102de468-9e41-4b8e-b44d-23bebb9e916f.png",15,11,13.2355555555556,4.7,1.3,2.9,"44.2%",0.7,1.7,"40%",0.1,0.4,"33.3%",0.2,1.3,1.5,0.9,0.4,1.7,0,0.1,1.7,0.7,1.8
"23-01-2026 04:46:05",197,"009432","CERKVENIK, MIHA",24,"https://media-cdn.cortextech.io/1c8ae659-bdf0-49ca-b51d-dee4ec5e478e.png","LJU","COL","KK Cedevita Olimpija","https://media-cdn.incrowdsports.com/73b33d13-570e-4e49-a9cb-fe806831eaa7.png",14,5,9.54404761904762,1.8,0.1,0.4,"33.3%",0.4,1.4,"25%",0.4,0.4,"100%",0.6,1.4,2,0.4,0.4,0.1,0,0.1,1.6,0.4,1.8
"23-01-2026 04:46:05",198,"010307","JOVANOVIC, DORDIJE",22,"https://media-cdn.cortextech.io/c5e07392-c82e-4ecc-9736-46553f2717a9.png","BUD","BUD","KK Buducnost","https://media-cdn.incrowdsports.com/47161285-94b3-4266-9d23-b722e8600945.png",15,3,11.5266666666667,2.5,0.5,1,"46.7%",0.4,1.9,"21.4%",0.4,0.4,"100%",0.6,0.9,1.5,0.5,0.3,0.3,0,0.1,1.1,0.3,1.6
"23-01-2026 04:46:05",199,"013915","PATRIKIS, ANDREAS",19,"https://media-cdn.cortextech.io/3ea65554-20b1-419d-aebf-d7147b64bde1.png","NIO","PAN","Panionios BC","https://media-cdn.cortextech.io/b29ffd81-917d-4cc9-bcbc-05d4a3b481c5.png",9,0,7.02222222222222,1.2,0.2,0.6,"40%",0.1,0.2,"50%",0.4,0.4,"100%",1,0.6,1.6,0.1,0,0.6,0,0.2,0.6,0.4,1.6
"23-01-2026 04:46:05",200,"007653","GULTEKIN, YAVUZ",25,"https://media-cdn.cortextech.io/e560a883-4606-43b2-ac06-0a70c6e526ab.png","TTK","TTA","Turk Telekom Ankara","https://media-cdn.incrowdsports.com/4ba35608-54ca-4800-a59c-f2571e6f8e13.png",9,2,7.49814814814815,2,0.4,0.6,"80%",0.2,1.3,"16.7%",0.4,0.9,"50%",0.4,1.1,1.6,0.2,0.1,0.3,0,0,1.2,0.8,1.4
"23-01-2026 04:46:05",200,"013624","MILICIC, TEO",17,"https://media-cdn.cortextech.io/37681e57-8466-4c9d-8389-39afcc74876a.png","ULM","ULM","ratiopharm ulm","https://media-cdn.cortextech.io/5750bc8b-dd63-48e4-8586-10d4e5e2b4e2.png",9,0,10.1703703703704,2.1,0.3,0.6,"60%",0.1,1.3,"8.3%",1.1,1.3,"83.3%",0.1,0.8,0.9,1.6,0.4,1.9,0.1,0.1,1.4,1.4,1.4
"23-01-2026 04:46:05",202,"006907","KOZYS, VITALIJUS",26,"https://media-cdn.cortextech.io/81955588-57fa-4f23-a0c3-8ac0f0d9b749.png","KLA","NEP","Neptunas Klaipeda","https://media-cdn.cortextech.io/ed0df5cd-c9e4-4387-bcd4-3606270cd255.png",12,5,12.6486111111111,2.6,0.3,0.8,"44.4%",0.5,2,"25%",0.4,1.2,"35.7%",0.5,1.5,2,0.4,0.3,0.4,0.2,0,2.3,1.3,1.4
"23-01-2026 04:46:05",203,"006860","LAVRINOVICIUS, DANIELIUS",26,"https://media-cdn.cortextech.io/525ba85e-9b88-44e3-b165-f0461161a42d.png","LKB","LIE","Lietkabelis Panevezys ","https://media-cdn.cortextech.io/ffcb6e37-31f4-48f6-91c2-a8c9a6f791a9.png",15,4,11.3844444444444,3.8,0.9,1.7,"52%",0.6,1.4,"42.9%",0.3,0.5,"57.1%",0.6,0.6,1.2,0.4,0.1,0.7,0.1,0.1,2.3,0.7,1.4
"23-01-2026 04:46:05",204,"012242","HASSAN, PATRICK",18,"https://media-cdn.cortextech.io/46af31fa-b69d-4b90-bc6c-648ea4641b10.png","TRN","TRE","Dolomiti Energia Trento","https://media-cdn.incrowdsports.com/00c5cc07-732c-43c3-9d6e-5440594a25f8.png",13,1,11.8346153846154,2.5,0.7,1.2,"56.2%",0.3,1.8,"16.7%",0.2,0.2,"66.7%",0.4,0.4,0.8,0.8,0.5,0.6,0.1,0,0.8,0.4,1.4
"23-01-2026 04:46:05",205,"014032","CZERNIEWICZ, BLAZEJ",23,"https://media-cdn.cortextech.io/2f75e8bc-2bc6-400b-adb2-8df2c777094a.png","WRO","WKS","WKS Slask Wroclaw","https://media-cdn.incrowdsports.com/0415061b-5374-4a0d-bc04-8fcbc8ad0bb3.png",13,2,9.93974358974359,3.5,0.5,1,"46.2%",0.5,1.7,"31.8%",0.9,1.2,"75%",0.2,0.9,1.2,0.5,0.3,0.7,0.1,0.2,2.4,1.2,1.3
"23-01-2026 04:46:05",206,"013310","GREY, JARED",20,"https://media-cdn.cortextech.io/09dd929b-d7d3-4099-91ec-8017244b9746.png","HAM","HAM","Hamburg Towers","https://media-cdn.incrowdsports.com/5ef8be01-ad71-42c2-aa02-d5c7a9495258.png",15,9,15.54,3.1,0.8,1.7,"46.2%",0.1,0.7,"18.2%",1.1,1.3,"80%",0.3,1.7,2,0.3,0.4,0.9,0,0.1,2.9,1.2,1.3
"23-01-2026 04:46:05",207,"013063","HOUINDO, CAMERON",17,"https://media-cdn.cortextech.io/b9fad3fd-9250-434d-898f-3ac0ca550c10.png","LJU","COL","KK Cedevita Olimpija","https://media-cdn.incrowdsports.com/73b33d13-570e-4e49-a9cb-fe806831eaa7.png",8,1,6.91458333333333,2.6,0.9,1.8,"50%",0,0.1,"0%",0.9,2,"43.8%",0.9,0.6,1.5,0.2,0,0.2,0,0,2.5,1.5,1
"23-01-2026 04:46:05",208,"009359","KNUDSEN, GUSTAV",22,"https://media-cdn.cortextech.io/b009cdb0-c121-4625-93fd-fb341987b927.png","MAN","MAN","BAXI Manresa","https://media-cdn.cortextech.io/a28053c7-ada4-47de-ae4c-888c1b3996b6.png",13,2,10.9794871794872,2.2,0.6,0.9,"66.7%",0.2,0.9,"16.7%",0.5,0.8,"54.5%",0.2,0.8,1.1,0.6,0.5,0.7,0.2,0,2.1,0.6,0.9
"23-01-2026 04:46:05",209,"008038","RANDLE, CHASSON",32,"https://media-cdn.cortextech.io/08295075-8ab0-401a-8089-8c19e17450d2.png","LLI","LDN","London Lions","https://media-cdn.cortextech.io/102de468-9e41-4b8e-b44d-23bebb9e916f.png",9,1,13.0722222222222,4.3,0.3,0.9,"37.5%",1.1,2.6,"43.5%",0.3,0.9,"37.5%",0.2,0.8,1,0.7,0.1,1.1,0,0.1,2.3,0.9,0.9
"23-01-2026 04:46:05",210,"005390","DE NICOLAO, GIOVANNI",29,"https://media-cdn.cortextech.io/78704e13-9b99-486d-aca7-30168d9bfe2c.png","VNC","URV","Umana Reyer Venice","https://media-cdn.incrowdsports.com/104f5074-9f23-47da-a21f-f2078db8244c.png",11,0,7.24848484848485,1.3,0.2,0.7,"25%",0.3,1.1,"25%",0.1,0.2,"50%",0.1,0.6,0.7,1.2,0.3,0.5,0,0.1,1,0.5,0.8
"23-01-2026 04:46:05",211,"006566","SLAVKOVIC, ANDRIJA",26,"https://media-cdn.cortextech.io/2e4cfc2c-daa4-4433-9d70-8edc561ef654.png","BUD","BUD","KK Buducnost","https://media-cdn.incrowdsports.com/47161285-94b3-4266-9d23-b722e8600945.png",10,5,9.425,1.4,0.6,1.4,"42.9%",0,0.1,"0%",0.2,0.4,"50%",0.6,0.4,1,0.3,0.8,0.2,0.1,0,1.9,0.4,0.8
"23-01-2026 04:46:05",212,"009301","MACIJAUSKAS, MATAS",23,"https://media-cdn.cortextech.io/b9ac8dd6-2d58-434d-985e-fc33fa9f8ec2.png","KLA","NEP","Neptunas Klaipeda","https://media-cdn.cortextech.io/ed0df5cd-c9e4-4387-bcd4-3606270cd255.png",8,0,3.15,0.9,0.2,0.4,"66.7%",0,0,"0%",0.4,0.8,"50%",0,0.4,0.4,0,0,0,0,0,0.4,0.4,0.8
"23-01-2026 04:46:05",213,"005266","LABANCA, ANTONY",31,"https://media-cdn.cortextech.io/d64dec06-9be4-45e5-aebd-8bf6b04dba62.png","BOU","JLB","JL Bourg","https://media-cdn.incrowdsports.com/d4225e1b-7c1b-4382-98d4-ca8511c64441.png",15,1,16.7777777777778,5.3,0.6,1.3,"47.4%",1.3,4.1,"32.8%",0.1,0.1,"50%",0.3,0.3,0.6,0.8,0.2,0.9,0,0.1,1.9,0.2,0.7
"23-01-2026 04:46:05",213,"013958","POULIANITIS, STYLIANOS",30,"https://media-cdn.cortextech.io/8c0622fc-f6b6-420c-99e9-102f9352cb3c.png","ARI","ARI","Aris Thessaloniki","https://media-cdn.cortextech.io/28be84d9-ad7e-43b3-8d8c-822bb76b8a9e.png",15,4,13.7422222222222,2.1,0.5,0.7,"63.6%",0.3,1.4,"23.8%",0.1,0.2,"66.7%",0.3,0.9,1.1,0.9,0.3,0.9,0,0.1,1.7,0.4,0.7
"23-01-2026 04:46:05",215,"013896","BERAN, ROBBIE",25,"https://media-cdn.cortextech.io/8d88e426-196c-4ebd-9d91-a9c9852ed63b.png","NIN","NIN","NINERS Chemnitz","https://media-cdn.cortextech.io/75ae96be-69f9-4e48-b5bd-b1056842db57.png",11,6,13.9181818181818,3.1,0.4,0.6,"57.1%",0.7,2.8,"25.8%",0.2,0.2,"100%",0.5,0.8,1.3,0.5,0.8,0.3,0.4,0.3,2.7,0.3,0.7
"23-01-2026 04:46:05",215,"010183","KNEIZYS, RADVILAS",22,"https://media-cdn.cortextech.io/7956c948-035b-4146-a38d-ff2bfe448502.png","KLA","NEP","Neptunas Klaipeda","https://media-cdn.cortextech.io/ed0df5cd-c9e4-4387-bcd4-3606270cd255.png",11,0,3.37878787878788,1.2,0.2,0.3,"66.7%",0.2,0.6,"28.6%",0.3,0.4,"75%",0,0,0,0.4,0.4,0.3,0,0,0.5,0.3,0.7
"23-01-2026 04:46:05",217,"011901","WISNIEWSKI, ALEKSANDER",22,"https://media-cdn.cortextech.io/b4f89da8-5de2-4cd6-80cf-1afc2e3b6b98.png","WRO","WKS","WKS Slask Wroclaw","https://media-cdn.incrowdsports.com/0415061b-5374-4a0d-bc04-8fcbc8ad0bb3.png",13,1,12.5692307692308,2.1,0.4,1,"38.5%",0.3,0.9,"33.3%",0.4,0.5,"83.3%",0.4,1,1.4,1.1,0.2,1.3,0.1,0.2,2.1,0.8,0.7
"23-01-2026 04:46:05",218,"009461","OIKONOMOPOULOS, SOTIRIS",22,"https://media-cdn.cortextech.io/d3ed7a74-9b96-4261-891a-30120b8e6dc3.png","NIO","PAN","Panionios BC","https://media-cdn.cortextech.io/b29ffd81-917d-4cc9-bcbc-05d4a3b481c5.png",8,1,6.5125,0.6,0.1,0.4,"33.3%",0.1,0.8,"16.7%",0,0,"0%",0.2,0.9,1.1,0.2,0.2,0.4,0,0.2,0.5,0.2,0.5
"23-01-2026 04:46:05",219,"013356","GKIOUZELIS, GEORGIOS",30,"https://media-cdn.cortextech.io/0371770e-d429-4a8a-8918-ac6238e50aa5.png","ARI","ARI","Aris Thessaloniki","https://media-cdn.cortextech.io/28be84d9-ad7e-43b3-8d8c-822bb76b8a9e.png",8,1,8.74375,1,0.1,0.2,"50%",0.2,0.6,"40%",0,0,"0%",0.1,0.8,0.9,0.4,0.2,0.2,0,0,1.5,0.1,0.4
"23-01-2026 04:46:05",220,"013903","PARETSKY, ROY",23,"https://media-cdn.cortextech.io/07d6d23d-e01b-43de-8eab-8598a36699ff.png","JER","JLM","Hapoel Jerusalem Basketball Club","https://media-cdn.incrowdsports.com/8058e0c5-3042-45e1-9423-f93f33c54576.png",8,0,5.25208333333333,0.6,0.1,0.4,"33.3%",0.1,0.6,"20%",0,0,"0%",0.4,0.6,1,0.2,0.1,0.1,0,0,1.2,0.2,0.1
"23-01-2026 04:46:05",220,"010285","STERNICKI, TYMOTEUSZ",19,"https://media-cdn.cortextech.io/c095cfa1-097f-4c0a-8c2c-086b88aa4607.png","WRO","WKS","WKS Slask Wroclaw","https://media-cdn.incrowdsports.com/0415061b-5374-4a0d-bc04-8fcbc8ad0bb3.png",8,2,9.93125,1.8,0.1,0.8,"16.7%",0.2,1.6,"15.4%",0.8,1,"75%",0.1,1,1.1,0.5,0,0.1,0,0.2,1.1,0.5,0.1
"23-01-2026 04:46:05",222,"012271","MUELLER, JANNE",19,"https://media-cdn.cortextech.io/93912062-02f3-427e-8054-ee5902c0bd29.png","HAM","HAM","Hamburg Towers","https://media-cdn.incrowdsports.com/5ef8be01-ad71-42c2-aa02-d5c7a9495258.png",10,0,7.35333333333333,0.9,0.3,1,"30%",0.1,0.2,"50%",0,0,"0%",0,0,0,0.3,0.2,0.2,0,0.3,0.7,0,-0.6
"23-01-2026 04:46:05",223,"002875","ALTIT, BEN",32,"https://media-cdn.cortextech.io/497fe10e-13dc-4c64-a4b0-b5ea0fe81b76.png","CLU","UBT","U-BT Cluj-Napoca","https://media-cdn.incrowdsports.com/ae3e2844-0615-41bb-a788-a4f0d54b8d5e.png",9,0,3.95740740740741,0.7,0.3,0.6,"60%",0,0.3,"0%",0,0,"0%",0,0.2,0.2,0.2,0,0.7,0.1,0.1,0.6,0,-0.7
